,Param,Sol,Obj Val,Mean Violation,Max Violation,Num Violations,Elapsed Time
0,"[-0.7264137, 0.33159882, 0.385174, 0.35393098, 0.10427357]","[4.0, 4.0, -3.0, -5.0, -1.0]",-0.04534422430470826,0.0,0.0,0,0.002399444580078125
1,"[-0.16871686, -0.8560361, -0.15439306, 0.58125466, 0.609771]","[4.0, 4.0, 0.0, -9.0, -1.0]",-0.03218334376536455,0.0,0.0,0,0.0019450187683105469
2,"[-0.102176555, 0.074338645, -0.59292895, -0.68849677, 0.7608438]","[7.0, 5.0, 0.0, -1.0, 0.0]",0.11755554737200932,0.0,0.0,0,0.0019450187683105469
3,"[-0.11166244, 0.9871947, -0.022873897, 0.10081889, 0.38884988]","[5.0, 4.0, -2.0, -3.0, -2.0]",-0.09470602618746782,0.0,0.0,0,0.0019397735595703125
4,"[0.95176107, 0.6556064, 0.9970502, 0.17664999, -0.5909121]","[6.0, 3.0, -5.0, -3.0, -1.0]",0.12304009209422621,0.0,0.0,0,0.0019412040710449219
5,"[-0.66463906, -0.8228447, -0.59535426, -0.794694, 0.041967895]","[13.0, 11.0, 4.0, -3.0, 6.0]",0.6397460889456219,0.0,0.0,0,0.0019366741180419922
6,"[-0.3368706, 0.7100604, -0.5858484, -0.8576834, -0.8619848]","[13.0, 10.0, -5.0, -3.0, 1.0]",0.6228640148017854,0.0,0.0,0,0.001936197280883789
7,"[-0.18342777, 0.68189704, -0.71000844, 0.10924282, 0.35701045]","[5.0, 4.0, -2.0, -5.0, -2.0]",-0.08497690377015946,0.0,0.0,0,0.001931905746459961
8,"[-0.6336048, 0.25149268, 0.9404869, 0.04578123, -0.6252071]","[8.0, 5.0, -5.0, -9.0, -2.0]",0.2526472746644659,0.0,0.0,0,0.0019278526306152344
9,"[-0.10588891, -0.07928346, 0.7291272, 0.09329644, -0.23919891]","[6.0, 4.0, -1.0, -4.0, 0.0]",-0.010189464910588754,0.0,0.0,0,0.0019268989562988281
10,"[-0.84243584, -0.44619662, -0.5022032, -0.5309118, -0.61449134]","[12.0, 8.0, -1.0, -6.0, 2.0]",0.4239145816474027,0.0,0.0,0,0.0019159317016601562
11,"[0.12897147, -0.09481995, -0.08392889, 0.17930025, 0.05270702]","[4.0, 4.0, 0.0, -4.0, -1.0]",-0.049684813948072254,0.0,0.0,0,0.0019087791442871094
12,"[-0.13836062, 0.0066200616, 0.515648, -0.21577322, -0.3387738]","[9.0, 7.0, 0.0, -4.0, 1.0]",0.3606982912168483,0.0,0.0,0,0.0019230842590332031
13,"[-0.30089644, -0.051205363, -0.41747794, 0.39288256, 0.6890928]","[4.0, 4.0, -1.0, -6.0, -2.0]",-0.08285944087621117,0.0,0.0,0,0.0019240379333496094
14,"[0.75407726, -0.9063721, -0.39260307, -0.11335999, -0.6554704]","[13.0, 9.0, 0.0, -11.0, 3.0]",0.6031797306343644,0.0,0.0,0,0.0019309520721435547
15,"[0.9235574, 0.7210443, 0.70076025, 0.6436999, -0.3819528]","[5.0, 4.0, -3.0, -4.0, -2.0]",-0.039817432312036015,0.0,0.0,0,0.0019252300262451172
16,"[-0.5391667, -0.9970524, 0.4586896, 0.933691, -0.55141306]","[12.0, 9.0, -5.0, -16.0, 0.0]",0.5852759231623742,0.0,0.0,0,0.0019369125366210938
17,"[0.3935529, -0.5398412, 0.5030978, 0.73617685, 0.62910193]","[4.0, 3.0, -1.0, -8.0, -1.0]",-0.04901355105903121,0.0,0.0,0,0.0019342899322509766
18,"[0.3163123, 0.26775894, -0.5783962, -0.70118713, -0.7086306]","[12.0, 8.0, -4.0, -3.0, 1.0]",0.505234737735671,0.0,0.0,0,0.0019407272338867188
19,"[0.14717199, -0.7075312, 0.5112385, -0.25402424, 0.84129983]","[7.0, 6.0, 4.0, -2.0, 3.0]",0.20303518274605936,0.0,0.0,0,0.0019321441650390625
20,"[0.6839712, -0.68823016, -0.34016913, 0.18241526, 0.4737264]","[5.0, 4.0, 3.0, -5.0, 0.0]",-0.002930362795582918,0.0,0.0,0,0.0019390583038330078
21,"[0.5466081, -0.05125472, -0.29771262, -0.2778007, 0.70442843]","[5.0, 4.0, 1.0, -1.0, -1.0]",-0.011633750597543627,0.0,0.0,0,0.0019392967224121094
22,"[0.27549133, -0.045845658, 0.86913115, -0.42139137, 0.45233285]","[5.0, 5.0, 2.0, -1.0, 1.0]",0.06635184227878824,0.0,0.0,0,0.0019283294677734375
23,"[0.4943982, -0.7585554, 0.59193236, -0.6774287, 0.06465722]","[9.0, 6.0, 5.0, -2.0, 4.0]",0.22650991770330275,0.0,0.0,0,0.0019218921661376953
24,"[-0.77226, 0.02657672, 0.04219214, 0.943301, 0.30996138]","[4.0, 4.0, -2.0, -8.0, -1.0]",-0.0887187483309526,0.0,0.0,0,0.0019183158874511719
25,"[-0.35098404, -0.17983568, -0.06322128, -0.7527675, -0.96501666]","[14.0, 10.0, -1.0, -4.0, 3.0]",0.5857739012969699,0.0,0.0,0,0.0019283294677734375
26,"[0.39359102, 0.19206032, -0.07922765, -0.27118027, -0.2939905]","[6.0, 3.0, -2.0, -3.0, -2.0]",0.004772887240051982,0.0,0.0,0,0.0019252300262451172
27,"[-0.7230088, -0.99551904, -0.47948292, -0.8255792, 0.97269106]","[13.0, 11.0, 4.0, -4.0, 6.0]",0.6456301486316325,0.0,0.0,0,0.0019192695617675781
28,"[-0.115922675, 0.6363593, 0.8680143, -0.54106414, 0.15838988]","[6.0, 5.0, 0.0, 1.0, 0.0]",0.04351717570149997,0.008912335171026303,0.044561675855131516,1,0.001924753189086914
29,"[0.15914041, 0.82981634, -0.64700305, 0.23307595, -0.90045875]","[7.0, 4.0, -5.0, -6.0, -1.0]",0.1757879091087928,0.0,0.0,0,0.0019371509552001953
30,"[0.03811958, -0.8647749, 0.600713, -0.53257585, 0.08002383]","[8.0, 5.0, 4.0, -3.0, 3.0]",0.1791455813734952,0.0015539058985832173,0.007769529492916087,1,0.0019273757934570312
31,"[-0.87234795, -0.33928463, -0.5377193, 0.77798325, -0.8900931]","[9.0, 6.0, -5.0, -14.0, -1.0]",0.3397150955090852,0.0,0.0,0,0.001926422119140625
32,"[-0.29935625, -0.81651187, -0.3570226, 0.25642017, 0.7889561]","[5.0, 4.0, 2.0, -6.0, 1.0]",0.07162219622276564,0.0,0.0,0,0.0019290447235107422
33,"[0.21975425, -0.9183191, 0.5256577, 0.28377515, 0.9277777]","[5.0, 4.0, 4.0, -5.0, 1.0]",-0.013867910468624668,0.0,0.0,0,0.0019304752349853516
34,"[-0.387837, -0.078955926, 0.27296707, 0.75856465, 0.11173574]","[4.0, 4.0, -2.0, -7.0, -2.0]",-0.08313507508250331,0.0,0.0,0,0.0019311904907226562
35,"[-0.512461, -0.40581807, 0.15440448, 0.08937619, -0.017172491]","[5.0, 3.0, -1.0, -6.0, 0.0]",-0.02739535645216606,0.0,0.0,0,0.0019259452819824219
36,"[0.81740904, 0.46149382, -0.45666638, -0.0062722885, -0.94441444]","[12.0, 9.0, -8.0, -13.0, -1.0]",0.4520021364921555,0.0,0.0,0,0.0019199848175048828
37,"[-0.1393882, -0.59895056, -0.016810907, -0.87158215, 0.1639428]","[11.0, 9.0, 4.0, 0.0, 5.0]",0.38962212755542736,0.0,0.0,0,0.0019316673278808594
38,"[0.45314142, -0.27781883, 0.09155497, 0.30783558, 0.24068572]","[5.0, 3.0, 0.0, -6.0, -1.0]",-0.006091696314683422,0.0,0.0,0,0.0019268989562988281
39,"[-0.62665206, -0.7227949, -0.58266205, 0.10729466, 0.8380573]","[6.0, 5.0, 0.0, -6.0, 1.0]",0.08724808966252914,0.003947781818344409,0.019738909091722046,1,0.0019252300262451172
40,"[0.35010123, -0.34710896, 0.09311229, -0.11112878, -0.74320936]","[9.0, 5.0, -3.0, -7.0, 0.0]",0.16614269536221923,0.0,0.0,0,0.0019309520721435547
41,"[-0.6512672, 0.3818755, -0.2265293, 0.87346, -0.7249581]","[6.0, 4.0, -6.0, -9.0, -1.0]",0.07917264399242539,0.0,0.0,0,0.0019316673278808594
42,"[0.58543825, -0.050080527, -0.32106197, -0.15990229, -0.81754494]","[14.0, 11.0, -5.0, -13.0, 1.0]",0.7799565746875381,0.003338489203417172,0.01669244601708586,1,0.0019259452819824219
43,"[0.78819907, 0.8397419, -0.8896868, 0.6412831, -0.9246052]","[7.0, 4.0, -6.0, -8.0, -1.0]",0.15175868048568458,0.0,0.0,0,0.0019233226776123047
44,"[-0.56776774, 0.8289779, -0.2281207, 0.54041326, 0.9790547]","[5.0, 4.0, -2.0, -5.0, -1.0]",-0.09435476330039035,0.0,0.0,0,0.0019249916076660156
45,"[-0.30158085, 0.45191136, 0.7942205, 0.77417284, 0.5597511]","[4.0, 4.0, -2.0, -5.0, -2.0]",-0.08497089896389864,0.0,0.0,0,0.0019137859344482422
46,"[0.5240199, 0.031544574, 0.8567437, -0.4724318, -0.5193773]","[7.0, 4.0, 0.0, -1.0, 0.0]",0.10656482915821786,0.0,0.0,0,0.0019321441650390625
47,"[0.6084676, 0.09984214, -0.46072766, 0.57233685, -0.46056598]","[6.0, 4.0, -2.0, -7.0, -2.0]",-0.022336065907537183,0.0,0.0,0,0.0019276142120361328
48,"[0.5272306, -0.48347127, -0.038427662, 0.9840319, 0.37330085]","[4.0, 4.0, -1.0, -8.0, -1.0]",-0.08768745050532406,0.0,0.0,0,0.001924753189086914
49,"[0.371709, -0.96424305, -0.5675342, -0.86104006, 0.1407722]","[14.0, 11.0, 6.0, -2.0, 7.0]",0.8435579489321824,0.002907110833014981,0.014535554165074904,1,0.0019202232360839844
50,"[0.21181789, -0.010969086, 0.8259708, -0.24576586, -0.5600396]","[13.0, 11.0, -3.0, -7.0, 2.0]",0.5966627618704057,0.0054051737994334935,0.027025868997167468,1,0.0019290447235107422
51,"[0.18814431, -0.44154453, -0.7121034, 0.88226223, -0.75736266]","[10.0, 6.0, -6.0, -17.0, -1.0]",0.3155733121313823,0.0,0.0,0,0.0019211769104003906
52,"[0.3589083, -0.5436925, -0.48125494, -0.24775514, -0.3918729]","[9.0, 6.0, 1.0, -3.0, 1.0]",0.31002141934928307,0.0,0.0,0,0.001920938491821289
53,"[-0.34457755, 0.66043377, -0.49607572, -0.5115566, 0.35177752]","[7.0, 5.0, -2.0, -2.0, 0.0]",0.06980009560553059,0.0,0.0,0,0.0019261837005615234
54,"[-0.116962604, 0.058380198, -0.101268254, -0.01360896, -0.4028225]","[6.0, 3.0, -2.0, -4.0, -2.0]",0.010656946926062519,0.0,0.0,0,0.001926422119140625
55,"[-0.3115082, 0.15614557, 0.45762938, 0.40177646, -0.47349432]","[5.0, 4.0, -2.0, -5.0, -1.0]",-0.09435476330039035,0.00011249943567648302,0.0005624971783824151,1,0.0019237995147705078
56,"[-0.24258728, 0.63621956, 0.8257174, -0.59556985, 0.085899875]","[7.0, 5.0, -2.0, -1.0, 0.0]",0.0690465400946542,0.0,0.0,0,0.001924276351928711
57,"[0.019083487, 0.16538307, -0.41591617, 0.98479074, 0.47400934]","[4.0, 4.0, -1.0, -6.0, -2.0]",-0.08285944087621117,0.0,0.0,0,0.0019216537475585938
58,"[0.85237783, 0.6229061, 0.65707713, 0.1394157, -0.3878816]","[6.0, 3.0, -2.0, -2.0, -2.0]",7.465327252681453e-05,0.0,0.0,0,0.0019183158874511719
59,"[-0.9929907, -0.9447405, 0.64768106, -0.60107464, -0.8784615]","[21.0, 18.0, -2.0, -13.0, 6.0]",1.6552073994970005,0.0,0.0,0,0.001924276351928711
60,"[-0.17774545, -0.5313499, -0.96069705, 0.75878614, 0.93121964]","[5.0, 4.0, -1.0, -8.0, -1.0]",-0.08769345531158487,0.0,0.0,0,0.0019335746765136719
61,"[0.7535298, -0.09305109, 0.3262518, -0.5178197, 0.005750654]","[6.0, 3.0, 2.0, 0.0, 0.0]",0.12374366284280842,0.0,0.0,0,0.0019221305847167969
62,"[-0.4157123, -0.56245804, 0.64763296, -0.58158505, 0.84818023]","[10.0, 9.0, 3.0, -2.0, 5.0]",0.4313965603445427,0.0,0.0,0,0.0019195079803466797
63,"[0.88953143, 0.6992948, -0.5053038, -0.09891173, -0.74168116]","[7.0, 4.0, -5.0, -5.0, -1.0]",0.17470774884673385,0.0,0.0,0,0.0019309520721435547
64,"[0.41360718, 0.8400763, -0.4586328, -0.25901714, 0.13784282]","[5.0, 4.0, -1.0, -1.0, -1.0]",-0.10850437737047174,0.0,0.0,0,0.001928567886352539
65,"[0.95252836, 0.5665926, -0.65479976, 0.57670784, 0.4966743]","[4.0, 4.0, -1.0, -5.0, -1.0]",-0.093317460668501,0.0,0.0,0,0.0019233226776123047
66,"[-0.019777047, -0.82682526, 0.18489088, 0.5175275, -0.6185655]","[12.0, 8.0, -4.0, -13.0, 0.0]",0.5244210813047141,0.00013101527756660404,0.0006550763878330201,1,0.0019261837005615234
67,"[-0.15589443, -0.17362633, 0.3176797, 0.54648864, 0.97188056]","[4.0, 4.0, -1.0, -8.0, -1.0]",-0.08768745050532406,0.0,0.0,0,0.0019230842590332031
68,"[-0.96344894, -0.89677566, -0.96804833, 0.23826374, 0.12018584]","[8.0, 6.0, 0.0, -8.0, 1.0]",0.28882728992982815,0.0,0.0,0,0.0019304752349853516
69,"[0.87131023, 0.1722407, -0.40371406, -0.7017298, 0.65904635]","[5.0, 5.0, 3.0, 2.0, 1.0]",0.03478086478258681,0.0,0.0,0,0.001920938491821289
70,"[0.0013760685, 0.42768455, -0.89354545, 0.5205355, 0.15285301]","[5.0, 4.0, -2.0, -6.0, -2.0]",-0.08389674350810053,0.0,0.0,0,0.0019233226776123047
71,"[-0.115785934, -0.33119765, -0.21085536, 0.059881173, -0.6772653]","[11.0, 8.0, -4.0, -11.0, 0.0]",0.4493704382624912,0.0,0.0,0,0.001913309097290039
72,"[0.49283788, 0.9843029, 0.22702937, -0.07348679, -0.8198523]","[10.0, 6.0, -8.0, -8.0, -1.0]",0.18534711464326034,0.0,0.0,0,0.0019311904907226562
73,"[0.77819246, 0.9867217, -0.8266429, 0.7245033, -0.2189686]","[5.0, 4.0, -3.0, -6.0, -2.0]",-0.03489220931867924,0.0,0.0,0,0.0020236968994140625
74,"[-0.6309299, -0.453593, -0.182027, 0.39848548, 0.2774468]","[5.0, 4.0, -1.0, -7.0, 0.0]",-0.06531359227912253,0.0,0.0,0,0.0019237995147705078
75,"[-0.76211214, 0.91431385, -0.45925894, -0.4443309, 0.29100445]","[6.0, 5.0, -3.0, -1.0, 0.0]",0.03743864050258337,0.0,0.0,0,0.0019154548645019531
76,"[-0.6159678, -0.707958, 0.87612826, 0.83529454, 0.77493787]","[5.0, 4.0, -1.0, -10.0, 0.0]",-0.043307514590082634,0.0,0.0,0,0.0019237995147705078
77,"[0.71966696, -0.25037873, 0.9856636, 0.36100274, -0.1520026]","[5.0, 4.0, 0.0, -5.0, -1.0]",-0.04584575602303524,0.0,0.0,0,0.0019268989562988281
78,"[-0.15654227, -0.7445389, -0.63632905, 0.42592812, -0.99031466]","[17.0, 13.0, -4.0, -16.0, 2.0]",1.0330196583502174,0.0,0.0,0,0.0019254684448242188
79,"[0.944192, 0.23511462, 0.96283144, -0.324488, 0.4060634]","[5.0, 4.0, 0.0, -1.0, -1.0]",-0.061026667918745156,0.0,0.0,0,0.0019295215606689453
80,"[0.9210846, 0.28358492, 0.6184284, -0.73618, 0.36519918]","[5.0, 4.0, 1.0, 2.0, -1.0]",-0.0037762332516985235,0.0,0.0,0,0.0019266605377197266
81,"[-0.03353585, 0.9737919, 0.5091387, -0.5027902, 0.07678996]","[6.0, 4.0, -2.0, 1.0, -1.0]",-0.04215659910389056,0.0,0.0,0,0.0019145011901855469
82,"[-0.49545723, -0.08157744, -0.7813063, 0.98729396, -0.66926086]","[6.0, 3.0, -4.0, -10.0, -1.0]",0.13635849256059546,0.0,0.0,0,0.0019259452819824219
83,"[0.54007864, 0.27010214, -0.5256113, 0.7480918, 0.4642396]","[4.0, 4.0, -1.0, -6.0, -1.0]",-0.09223730040644205,0.0,0.0,0,0.0019156932830810547
84,"[0.10546374, -0.5227006, 0.27072352, 0.707526, -0.55186594]","[6.0, 3.0, -2.0, -8.0, -2.0]",0.020132019820537285,0.0,0.0,0,0.0019087791442871094
85,"[-0.8980519, -0.041349445, 0.44606885, -0.21350707, -0.56553304]","[12.0, 9.0, -4.0, -8.0, 1.0]",0.5288935035518034,0.0,0.0,0,0.0019235610961914062
86,"[0.26386592, -0.12176845, 0.36039823, -0.7830375, 0.9225585]","[8.0, 7.0, 3.0, 1.0, 3.0]",0.3919374110585066,0.0,0.0,0,0.0019309520721435547
87,"[0.29088366, 0.89504594, -0.9174605, 0.83770573, 0.21816331]","[5.0, 4.0, -2.0, -6.0, -2.0]",-0.08389674350810053,0.0,0.0,0,0.0019335746765136719
88,"[0.42250478, 0.067846894, 0.57303554, -0.6938052, 0.2762692]","[6.0, 6.0, 2.0, 2.0, 2.0]",0.2217484538380159,0.0,0.0,0,0.0019214153289794922
89,"[-0.24521041, -0.46155438, 0.26077995, 0.70069134, 0.2666021]","[4.0, 4.0, -1.0, -9.0, -1.0]",-0.07966105321709113,0.0,0.0,0,0.0019304752349853516
90,"[-0.9071894, -0.65880626, -0.18393955, -0.28880006, -0.30566835]","[11.0, 9.0, 2.0, -6.0, 4.0]",0.45916346341956826,0.0,0.0,0,0.0019335746765136719
91,"[0.8994907, -0.34425768, 0.22419797, 0.7834417, 0.26014787]","[4.0, 4.0, 0.0, -7.0, -1.0]",-0.04400392733537909,0.0,0.0,0,0.0019350051879882812
92,"[0.21825702, -0.30250195, 0.47537825, -0.95459926, -0.9430863]","[22.0, 18.0, -5.0, -14.0, 5.0]",1.7300522775445175,0.0024759873125161035,0.012379936562580518,1,0.0019278526306152344
93,"[0.97624815, -0.029539088, -0.64167213, 0.7822802, -0.07928925]","[5.0, 4.0, -2.0, -7.0, -2.0]",-0.08314107988876412,0.0,0.0,0,0.001934051513671875
94,"[-0.2577606, -0.80662054, -0.5470788, 0.79541045, 0.9593835]","[4.0, 4.0, -1.0, -10.0, -1.0]",-0.06947555909806577,0.0,0.0,0,0.0019338130950927734
95,"[0.52194715, 0.44191062, 0.8081634, -0.9323567, -0.1049986]","[8.0, 6.0, 2.0, 2.0, 2.0]",0.3462754282418079,0.0,0.0,0,0.0019304752349853516
96,"[-0.23887257, -0.57273465, -0.79553527, 0.54349786, -0.06217903]","[4.0, 4.0, -1.0, -7.0, 0.0]",-0.06530758747286172,0.0,0.0,0,0.0019290447235107422
97,"[-0.95569474, -0.7748971, 0.44037336, 0.18716198, 0.43049523]","[8.0, 6.0, 0.0, -7.0, 1.0]",0.2850331036480466,0.0,0.0,0,0.0019233226776123047
98,"[-0.5567527, 0.59735376, 0.90640414, -0.7247871, 0.9573958]","[7.0, 5.0, -2.0, 0.0, 0.0]",0.07199406935918913,0.01085237631783611,0.05426188158918055,1,0.0019309520721435547
99,"[0.032947738, -0.5501049, 0.031831045, -0.036574494, -0.582561]","[13.0, 9.0, -3.0, -10.0, 2.0]",0.6025763682886404,0.015318399737916207,0.07083801143159467,2,0.0019228458404541016
