,Unnamed: 0,Param,Sol,Obj Val,Elapsed Time,Mean Violation,Max Violation,Num Violations
0,0,"[-0.7264137, 0.33159882, 0.385174, 0.35393098, 0.10427357]","[-1.0, 4.0, -2.0, -3.0, -1.0]",-0.1317348329026667,0.498396635055542,0.0,0.0,0
1,1,"[-0.16871686, -0.8560361, -0.15439306, 0.58125466, 0.609771]","[4.999999950299841, -1.000000009656817, 0.0, -5.999999970929565, -1.0000000091276293]",-0.089957397613612,0.1371479034423828,0.0,0.0,0
2,2,"[-0.102176555, 0.074338645, -0.59292895, -0.68849677, 0.7608438]","[11.0, 3.999999999891471, -1.0, -1.0, 1.0]",0.0904574823799698,0.1402254104614257,0.0,0.0,0
3,3,"[-0.11166244, 0.9871947, -0.022873897, 0.10081889, 0.38884988]","[5.0, -1.0, -2.0, -1.0, -1.0]",-0.1547274749957654,0.1176638603210449,0.0,0.0,0
4,4,"[0.95176107, 0.6556064, 0.9970502, 0.17664999, -0.5909121]","[5.0, -1.0, -2.0, -1.0, -1.0]",-0.1547274749957654,0.081841230392456,0.0,0.0,0
5,5,"[-0.66463906, -0.8228447, -0.59535426, -0.794694, 0.041967895]","[11.0, 11.0, 4.0, -3.0, 5.0]",0.4082188590400993,0.0768179893493652,0.0,0.0,0
6,6,"[-0.3368706, 0.7100604, -0.5858484, -0.8576834, -0.8619848]","[11.0, 5.0, -2.0, 1.0, 0.0]",0.0729470609626532,0.083592414855957,0.0,0.0,0
7,7,"[-0.18342777, 0.68189704, -0.71000844, 0.10924282, 0.35701045]","[5.0, 3.9999999999964113, -1.0, -2.0, -1.0]",-0.1077508218595219,0.141688585281372,0.0,0.0,0
8,8,"[-0.6336048, 0.25149268, 0.9404869, 0.04578123, -0.6252071]","[5.0, -2.0, -2.0, 1.0, 3.0]",-0.0778808280706613,0.0780408382415771,0.0,0.0,0
9,9,"[-0.10588891, -0.07928346, 0.7291272, 0.09329644, -0.23919891]","[5.0, -1.0, -1.0, -2.0, -1.0000000000000004]",-0.1529426216592605,0.0760600566864013,0.0,0.0,0
10,10,"[-0.84243584, -0.44619662, -0.5022032, -0.5309118, -0.61449134]","[12.0, 4.0, 0.0, -2.0, 5.0]",0.2330085162253198,0.0881803035736084,0.0,0.0,0
11,11,"[0.12897147, -0.09481995, -0.08392889, 0.17930025, 0.05270702]","[5.0, -1.0, -1.0, -2.0, -1.0]",-0.1529426216592605,0.0683727264404296,0.0,0.0,0
12,12,"[-0.13836062, 0.0066200616, 0.515648, -0.21577322, -0.3387738]","[6.0, 4.0, -1.0, -3.0, -0.9999999866444034]",-0.0422475737577494,0.1285080909729004,0.0,0.0,0
13,13,"[-0.30089644, -0.051205363, -0.41747794, 0.39288256, 0.6890928]","[5.0, -1.0, -2.0, -3.0, -1.0]",-0.1492756855173638,0.0730845928192138,0.0,0.0,0
14,14,"[0.75407726, -0.9063721, -0.39260307, -0.11335999, -0.6554704]","[11.999999999999996, -2.0, 3.0, -1.0, 1.0]",0.1774215652816557,0.1307520866394043,0.0,0.0,0
15,15,"[0.9235574, 0.7210443, 0.70076025, 0.6436999, -0.3819528]","[5.0, -1.0, -2.0, -1.0, -1.0]",-0.1547274749957654,0.1214232444763183,0.0,0.0,0
16,16,"[-0.5391667, -0.9970524, 0.4586896, 0.933691, -0.55141306]","[6.0, -2.0, -2.0, -8.0, 4.0]",-0.0074233517892256,0.1313230991363525,0.0,0.0,0
17,17,"[0.3935529, -0.5398412, 0.5030978, 0.73617685, 0.62910193]","[5.0, -0.9999999697916699, -1.0, -5.0, -1.0]",-0.1385152643941702,0.192490816116333,0.0,0.0,0
18,18,"[0.3163123, 0.26775894, -0.5783962, -0.70118713, -0.7086306]","[10.999999890304863, 4.000000039498492, -1.0000000096563806, -1.0000000030200418, -1.0000000091125856]",0.0302395243635841,0.1295869350433349,0.0,0.0,0
19,19,"[0.14717199, -0.7075312, 0.5112385, -0.25402424, 0.84129983]","[5.0, 4.0, 5.0, -1.0, 4.0]",-0.0302290650475118,0.1296794414520263,0.0,0.0,0
20,20,"[0.6839712, -0.68823016, -0.34016913, 0.18241526, 0.4737264]","[5.0, 4.0, 3.9999999999964113, -3.0, -1.0]",-0.0838149861143125,0.1568830013275146,0.0,0.0,0
21,21,"[0.5466081, -0.05125472, -0.29771262, -0.2778007, 0.70442843]","[5.0, 4.0, 0.0, -2.0, -1.0000000000000002]",-0.0602731124078687,0.2101953029632568,0.0,0.0,0
22,22,"[0.27549133, -0.045845658, 0.86913115, -0.42139137, 0.45233285]","[5.0, 4.0, 4.0, 0.0, 4.0]",-0.024265783086877,0.1496863365173339,0.0,0.0,0
23,23,"[0.4943982, -0.7585554, 0.59193236, -0.6774287, 0.06465722]","[11.0, 4.0, 5.0, 0.0, 4.0]",0.1114623707367584,0.0858852863311767,0.0,0.0,0
24,24,"[-0.77226, 0.02657672, 0.04219214, 0.943301, 0.30996138]","[-2.0, -1.0, -2.0, -5.0, -1.0000000000000002]",-0.1672292120006228,0.0798640251159668,0.0,0.0,0
25,25,"[-0.35098404, -0.17983568, -0.06322128, -0.7527675, -0.96501666]","[17.0, 5.0, -1.0, -3.0, 0.0]",0.3229076576463732,0.0882167816162109,0.0,0.0,0
26,26,"[0.39359102, 0.19206032, -0.07922765, -0.27118027, -0.2939905]","[5.0, -1.0, -1.0, 1.0, 0.0]",-0.1209480657449101,0.0664823055267334,0.0,0.0,0
27,27,"[-0.7230088, -0.99551904, -0.47948292, -0.8255792, 0.97269106]","[12.0, 10.0, 4.0, -3.0, 6.0]",0.5134762865170663,0.1519587039947509,0.0,0.0,0
28,28,"[-0.115922675, 0.6363593, 0.8680143, -0.54106414, 0.15838988]","[5.0, 4.0, -2.0, 0.0, -1.0]",-0.1065881459315653,0.1140403747558593,0.0,0.0,0
29,29,"[0.15914041, 0.82981634, -0.64700305, 0.23307595, -0.90045875]","[5.0, 4.0, -8.0, -7.0, -2.0]",-0.0302931677596953,0.0889956951141357,0.0,0.0,0
30,30,"[0.03811958, -0.8647749, 0.600713, -0.53257585, 0.08002383]","[11.0, 4.0, 4.0, -0.9999999963875492, 4.0]",0.1115305941734948,0.095067024230957,0.0,0.0,0
31,31,"[-0.87234795, -0.33928463, -0.5377193, 0.77798325, -0.8900931]","[11.0, -1.0, -2.0, -8.0, -1.0]",0.0048273535828567,0.1192576885223388,0.0,0.0,0
32,32,"[-0.29935625, -0.81651187, -0.3570226, 0.25642017, 0.7889561]","[-2.0, 4.0, 4.0, -3.0, 4.0]",-0.0494441717735777,0.1511995792388916,0.0,0.0,0
33,33,"[0.21975425, -0.9183191, 0.5256577, 0.28377515, 0.9277777]","[-1.0, -1.0, 3.999999999891471, 0.0, 4.0]",-0.0971085300682584,0.1065216064453125,0.0,0.0,0
34,34,"[-0.387837, -0.078955926, 0.27296707, 0.75856465, 0.11173574]","[-1.0, -2.0, -2.0, -3.0, -1.0]",-0.1732919087773155,0.1180536746978759,0.0,0.0,0
35,35,"[-0.512461, -0.40581807, 0.15440448, 0.08937619, -0.017172491]","[5.0, 5.0, -1.0000000000000002, -6.0, 0.0]",-0.0550785376846674,0.096276044845581,0.0,0.0,0
36,36,"[0.81740904, 0.46149382, -0.45666638, -0.0062722885, -0.94441444]","[10.0, -1.0, -2.0, -1.0, -1.0000000000000002]",-0.016996613520541,0.0762429237365722,0.0,0.0,0
37,37,"[-0.1393882, -0.59895056, -0.016810907, -0.87158215, 0.1639428]","[12.0, 5.0, 4.0, 1.0, 6.0]",0.2891775821236231,0.0935330390930175,0.0,0.0,0
38,38,"[0.45314142, -0.27781883, 0.09155497, 0.30783558, 0.24068572]","[5.0, -1.0, -1.0, -3.0, -1.0]",-0.1482443876917353,0.1210150718688964,0.0,0.0,0
39,39,"[-0.62665206, -0.7227949, -0.58266205, 0.10729466, 0.8380573]","[5.0, 5.0, 4.0, -4.0, 5.0]",0.023295408485216,0.1509103775024414,0.0,0.0,0
40,40,"[0.35010123, -0.34710896, 0.09311229, -0.11112878, -0.74320936]","[10.0, -1.0, -9.508302621051875e-15, -2.0, -1.0]",0.0322659492676899,0.0860981941223144,0.0,0.0,0
41,41,"[-0.6512672, 0.3818755, -0.2265293, 0.87346, -0.7249581]","[5.000000000000001, -2.0, -8.0, -7.0, -1.0]",-0.0812281031645749,0.1012830734252929,0.0,0.0,0
42,42,"[0.58543825, -0.050080527, -0.32106197, -0.15990229, -0.81754494]","[10.0, -1.0, -2.0, -2.0, -1.0]",-0.0162430580096646,0.1132376194000244,0.0,0.0,0
43,43,"[0.78819907, 0.8397419, -0.8896868, 0.6412831, -0.9246052]","[10.0, -1.0, -2.0, -0.9999999999930437, -1.0]",-0.0169966135205311,0.1753485202789306,0.0,0.0,0
44,44,"[-0.56776774, 0.8289779, -0.2281207, 0.54041326, 0.9790547]","[5.0, -1.0000000000000002, -2.0, -4.0, -1.0]",-0.1433916258313533,0.1203796863555908,0.0,0.0,0
45,45,"[-0.30158085, 0.45191136, 0.7942205, 0.77417284, 0.5597511]","[-2.0, -1.0, -2.0, -1.0, -1.0]",-0.1824101238963326,0.1025645732879638,0.0,0.0,0
46,46,"[0.5240199, 0.031544574, 0.8567437, -0.4724318, -0.5193773]","[11.0, 4.000000000000001, -0.9999999136300199, -2.0, -1.0]",0.0309930871808263,0.1052210330963134,0.0,0.0,0
47,47,"[0.6084676, 0.09984214, -0.46072766, 0.57233685, -0.46056598]","[5.0, -1.0, -2.0, -2.0, -1.0]",-0.153973919484889,0.0878007411956787,0.0,0.0,0
48,48,"[0.5272306, -0.48347127, -0.038427662, 0.9840319, 0.37330085]","[-2.0, -1.0, -2.0, -7.0, -1.0]",-0.1653933881192274,0.078284740447998,0.0,0.0,0
49,49,"[0.371709, -0.96424305, -0.5675342, -0.86104006, 0.1407722]","[12.0, 6.0, 5.0, 0.0, 5.0]",0.2874397237849826,0.0893387794494628,0.0,0.0,0
50,50,"[0.21181789, -0.010969086, 0.8259708, -0.24576586, -0.5600396]","[9.999999999792895, -1.0, -1.0, -1.0, -1.0]",-0.0159653156896096,0.1592435836791992,0.0,0.0,0
51,51,"[0.18814431, -0.44154453, -0.7121034, 0.88226223, -0.75736266]","[10.0, -1.0, -1.0, -4.0, -1.0]",-0.0046294665305004,0.1556026935577392,0.0,0.0,0
52,52,"[0.3589083, -0.5436925, -0.48125494, -0.24775514, -0.3918729]","[11.0, -1.0000000000000002, 3.999999998471871, 0.0, 4.0]",0.0692863236789805,0.0722875595092773,0.0,0.0,0
53,53,"[-0.34457755, 0.66043377, -0.49607572, -0.5115566, 0.35177752]","[5.0, 4.0, -2.0, 0.0, -1.0000000000000002]",-0.1065881459315653,0.0829622745513916,0.0,0.0,0
54,54,"[-0.116962604, 0.058380198, -0.101268254, -0.01360896, -0.4028225]","[5.0, -1.0, -1.0, -1.0, 0.0]",-0.1275221278558929,0.0795402526855468,0.0,0.0,0
55,55,"[-0.3115082, 0.15614557, 0.45762938, 0.40177646, -0.47349432]","[5.000000000000001, -1.0, -2.0, -2.0, -1.0]",-0.153973919484889,0.0781009197235107,0.0,0.0,0
56,56,"[-0.24258728, 0.63621956, 0.8257174, -0.59556985, 0.085899875]","[5.0, 5.0, -2.0, 0.0, -1.0]",-0.0955974277177738,0.0975525379180908,0.0,0.0,0
57,57,"[0.019083487, 0.16538307, -0.41591617, 0.98479074, 0.47400934]","[-1.0, -1.0, -2.0, -7.0, -1.0000000000000002]",-0.1653616864036282,0.1134881973266601,0.0,0.0,0
58,58,"[0.85237783, 0.6229061, 0.65707713, 0.1394157, -0.3878816]","[5.0, -1.0, -2.0, -1.0, -1.0]",-0.1547274749957654,0.1095845699310302,0.0,0.0,0
59,59,"[-0.9929907, -0.9447405, 0.64768106, -0.60107464, -0.8784615]","[18.0, 6.0, 1.0, -5.0, 4.0]",0.6032655019153461,0.0782303810119628,0.0,0.0,0
60,60,"[-0.17774545, -0.5313499, -0.96069705, 0.75878614, 0.93121964]","[5.0, -1.0, -1.0, -5.0, -1.0]",-0.1385152652744269,0.1428654193878173,0.0,0.0,0
61,61,"[0.7535298, -0.09305109, 0.3262518, -0.5178197, 0.005750654]","[5.0, -1.0, 4.0, 5.0, 5.0]",-0.0365337225114699,0.1063950061798095,0.0,0.0,0
62,62,"[-0.4157123, -0.56245804, 0.64763296, -0.58158505, 0.84818023]","[5.0, 5.0, 4.0, 1.0, 7.0]",0.170791366044671,0.1396510601043701,0.0,0.0,0
63,63,"[0.88953143, 0.6992948, -0.5053038, -0.09891173, -0.74168116]","[6.0, -1.0, -3.0, -1.0, -2.0]",-0.0355400672948863,0.0879678726196289,0.0,0.0,0
64,64,"[0.41360718, 0.8400763, -0.4586328, -0.25901714, 0.13784282]","[5.0, 4.0, -2.0, -1.0, -1.0]",-0.1095356751961002,0.1231863498687744,0.0,0.0,0
65,65,"[0.95252836, 0.5665926, -0.65479976, 0.57670784, 0.4966743]","[5.0, -1.0, -1.0, -2.0, -1.0]",-0.1529426216592605,0.1343164443969726,0.0,0.0,0
66,66,"[-0.019777047, -0.82682526, 0.18489088, 0.5175275, -0.6185655]","[10.000000000000002, -1.0, -1.0, -7.0, -1.0]",0.0010514200821926,0.0970549583435058,0.0,0.0,0
67,67,"[-0.15589443, -0.17362633, 0.3176797, 0.54648864, 0.97188056]","[-2.0, -1.0, -1.0, -3.0, -1.0]",-0.1759270365923026,0.171891450881958,0.0,0.0,0
68,68,"[-0.96344894, -0.89677566, -0.96804833, 0.23826374, 0.12018584]","[5.0, 4.0, 2.0, -5.0, 4.0]",0.0723775459736292,0.138080358505249,0.0,0.0,0
69,69,"[0.87131023, 0.1722407, -0.40371406, -0.7017298, 0.65904635]","[5.0, 5.0, 3.0, 1.0, -1.0]",-0.0267205436807625,0.15804123878479,0.0,0.0,0
70,70,"[0.0013760685, 0.42768455, -0.89354545, 0.5205355, 0.15285301]","[5.0, -1.0, -1.0, -5.0, -1.0]",-0.1385152652744269,0.128183364868164,0.0,0.0,0
71,71,"[-0.115785934, -0.33119765, -0.21085536, 0.059881173, -0.6772653]","[10.0, -1.0, -1.0, -3.0, -1.0000000000000004]",-0.0105135262165109,0.1152267456054687,0.0,0.0,0
72,72,"[0.49283788, 0.9843029, 0.22702937, -0.07348679, -0.8198523]","[5.0, -1.0, -6.0, -1.0, -1.0]",-0.0556614891355865,0.108041763305664,0.0,0.0,0
73,73,"[0.77819246, 0.9867217, -0.8266429, 0.7245033, -0.2189686]","[5.0, -1.0, -1.0, -4.0, -1.0]",-0.1423603280057248,0.0779449939727783,0.0,0.0,0
74,74,"[-0.6309299, -0.453593, -0.182027, 0.39848548, 0.2774468]","[5.0, 4.0, -1.0, -7.0, -1.0]",-0.0914876415933664,0.1192934513092041,0.0,0.0,0
75,75,"[-0.76211214, 0.91431385, -0.45925894, -0.4443309, 0.29100445]","[5.0, 5.0, -2.0, -1.0, 1.0]",-0.0383270037538217,0.1037867069244384,0.0,0.0,0
76,76,"[-0.6159678, -0.707958, 0.87612826, 0.83529454, 0.77493787]","[5.0, -1.0, -1.0, -7.0, -1.0]",-0.1366794413930316,0.1410629749298095,0.0,0.0,0
77,77,"[0.71966696, -0.25037873, 0.9856636, 0.36100274, -0.1520026]","[5.0, -1.0, -1.0, -3.0, -1.0]",-0.1482443876917353,0.1314871311187744,0.0,0.0,0
78,78,"[-0.15654227, -0.7445389, -0.63632905, 0.42592812, -0.99031466]","[12.0, -2.0, -1.0, -6.0, -1.0]",0.0692456308460029,0.0920085906982421,0.0,0.0,0
79,79,"[0.944192, 0.23511462, 0.96283144, -0.324488, 0.4060634]","[5.0, 4.0, -1.0, -2.0, -1.0]",-0.1077508218595953,0.1559748649597168,0.0,0.0,0
80,80,"[0.9210846, 0.28358492, 0.6184284, -0.73618, 0.36519918]","[5.0, -1.0, 3.999999994777306, 6.0, 5.0]",-0.0301448432159988,0.145280122756958,0.0,0.0,0
81,81,"[-0.03353585, 0.9737919, 0.5091387, -0.5027902, 0.07678996]","[-2.0, 4.0, -2.0, 2.0, -1.0]",-0.1293608067508224,0.1603524684906005,0.0,0.0,0
82,82,"[-0.49545723, -0.08157744, -0.7813063, 0.98729396, -0.66926086]","[6.0, -2.0, -2.0, -4.0, -1.0]",-0.0789518879251099,0.1236302852630615,0.0,0.0,0
83,83,"[0.54007864, 0.27010214, -0.5256113, 0.7480918, 0.4642396]","[5.0, -1.0, -2.0, -2.0, -1.0]",-0.153973919484889,0.1377270221710205,0.0,0.0,0
84,84,"[0.10546374, -0.5227006, 0.27072352, 0.707526, -0.55186594]","[5.0, -2.0, -2.000000000000001, -6.0, -1.0]",-0.1348316789129801,0.0711250305175781,0.0,0.0,0
85,85,"[-0.8980519, -0.041349445, 0.44606885, -0.21350707, -0.56553304]","[11.0, -1.0, -2.0, -1.0, 4.0]",0.0460698947653795,0.1389691829681396,0.0,0.0,0
86,86,"[0.26386592, -0.12176845, 0.36039823, -0.7830375, 0.9225585]","[4.0, 5.0, 4.0, 4.0, 5.0]",0.0173888308023291,0.1152656078338623,0.0,0.0,0
87,87,"[0.29088366, 0.89504594, -0.9174605, 0.83770573, 0.21816331]","[5.0, -1.0, -1.0, -5.0, -1.0]",-0.1385152652744269,0.1067278385162353,0.0,0.0,0
88,88,"[0.42250478, 0.067846894, 0.57303554, -0.6938052, 0.2762692]","[4.999999999999999, 4.0, 4.0, 3.0, 4.0]",-0.0206590110635275,0.1039023399353027,0.0,0.0,0
89,89,"[-0.24521041, -0.46155438, 0.26077995, 0.70069134, 0.2666021]","[5.0, -2.0, -1.0, -4.0, -1.0]",-0.1387256040807084,0.1448001861572265,0.0,0.0,0
90,90,"[-0.9071894, -0.65880626, -0.18393955, -0.28880006, -0.30566835]","[11.0, 5.0, 1.0, -4.0, 4.0]",0.2114901865418049,0.1364696025848388,0.0,0.0,0
91,91,"[0.8994907, -0.34425768, 0.22419797, 0.7834417, 0.26014787]","[-2.0, -2.0, -1.0, -4.0, -1.0]",-0.1664082529812756,0.1699998378753662,0.0,0.0,0
92,92,"[0.21825702, -0.30250195, 0.47537825, -0.95459926, -0.9430863]","[17.0, 5.0, 0.0, -1.0, 5.0]",0.4289951450052884,0.1138703823089599,0.0,0.0,0
93,93,"[0.97624815, -0.029539088, -0.64167213, 0.7822802, -0.07928925]","[5.0, -1.0, -1.0, -2.0, -1.0]",-0.1529426216592605,0.12441086769104,0.0,0.0,0
94,94,"[-0.2577606, -0.80662054, -0.5470788, 0.79541045, 0.9593835]","[5.0, -1.0, -0.9999999941011462, -7.0, -1.0]",-0.136679441220875,0.147975206375122,0.0,0.0,0
95,95,"[0.52194715, 0.44191062, 0.8081634, -0.9323567, -0.1049986]","[5.0, 5.0, 1.0, 3.0, 0.0]",0.0320853182183763,0.2117798328399658,0.0,0.0,0
96,96,"[-0.23887257, -0.57273465, -0.79553527, 0.54349786, -0.06217903]","[5.0, -2.0, -1.0, -5.0, -1.0]",-0.1348805413494105,0.1040196418762207,0.0,0.0,0
97,97,"[-0.95569474, -0.7748971, 0.44037336, 0.18716198, 0.43049523]","[5.0, 5.0, 0.0, -6.0, 4.0]",0.0282785856942247,0.1385557651519775,0.0,0.0,0
98,98,"[-0.5567527, 0.59735376, 0.90640414, -0.7247871, 0.9573958]","[5.0, 4.0, -1.0, 3.0, 4.0]",-0.0398966128411776,0.1023707389831543,0.0,0.0,0
99,99,"[0.032947738, -0.5501049, 0.031831045, -0.036574494, -0.582561]","[11.0, 5.0, -1.0, -7.0, -1.0]",0.0582469831401603,0.0983908176422119,0.0,0.0,0
