,Param,Sol,Obj Val,Constraints Viol,Elapsed Time
0,"[-0.54962665, 0.6830203, -0.03989774, -0.06002177, 0.9713872, 0.038429193, -0.72590923, -0.43968835, -0.33263576, 0.9169339]","[-2.0, -6.0, 0.0, 5.0, -2.0, 3.0, 0.0, -1.0, -26.0, 11.0]",0.22721305068773584,0.0,0.0017087459564208984
1,"[-0.046861563, -0.58263916, 0.08157575, 0.8517374, -0.9458242, 0.36061314, 0.24941805, 0.8488539, 0.2906899, 0.24968542]","[-2.0, -8.0, 11.0, 13.0, -1.0, 5.0, 1.0, -1.0, -39.0, 14.0]",0.8579363968777671,0.0,0.001107931137084961
2,"[0.16807732, 0.19089986, 0.5543058, 0.011852509, 0.01880374, 0.45062116, -0.0027510736, 0.21698217, 0.79554814, -0.19709799]","[-2.0, -7.0, 2.0, 5.0, 0.0, 3.0, 0.0, -1.0, -17.0, 7.0]",0.2532404988186849,0.0,0.0010533332824707031
3,"[-0.21110904, 0.14262767, 0.9824306, 0.07114893, 0.9771495, 0.4943982, -0.7585554, 0.59193236, -0.6774287, 0.06465722]","[-2.0, -7.0, 5.0, 8.0, -1.0, 4.0, 0.0, -1.0, -29.0, 11.0]",0.43544451839103965,0.0,0.001043081283569336
4,"[-0.8119689, 0.04741569, 0.01348916, 0.21309547, -0.33841476, 0.8518362, -0.4598775, 0.29939103, -0.008145954, -0.4666531]","[-3.0, -7.0, 8.0, 12.0, 0.0, 4.0, 2.0, -2.0, -32.0, 13.0]",0.7853645727902494,0.0,0.0010290145874023438
5,"[-0.70180464, -0.3570342, 0.36416864, 0.5388193, 0.7033108, -0.9645746, -0.027187742, -0.45215577, 0.36791903, -0.5093373]","[-1.0, -9.0, 15.0, 21.0, -6.0, 6.0, 3.0, -2.0, -56.0, 21.0]",2.3161114205485567,0.0,0.0010251998901367188
6,"[0.52425927, 0.87235314, 0.88150173, -0.6504374, 0.7494873, 0.47486287, -0.4943252, -0.8654308, -0.46400547, 0.82441646]","[-2.0, -9.0, -2.0, 3.0, -1.0, 4.0, -2.0, -2.0, -21.0, 8.0]",0.1837105874549896,0.0,0.0010313987731933594
7,"[0.064626284, -0.09669867, 0.88320386, 0.46081617, -0.32515833, 0.872315, 0.7039952, 0.90906745, -0.8075521, 0.9105698]","[-2.0, -8.0, 5.0, 6.0, 0.0, 4.0, -1.0, -1.0, -28.0, 10.0]",0.22857299798634334,0.0,0.0010380744934082031
8,"[-0.38281927, -0.9709287, -0.49368885, -0.86068076, 0.13276269, -0.36734974, 0.6137532, 0.46525016, -0.06280708, 0.12120322]","[-1.0, -15.0, 17.0, 21.0, -4.0, 9.0, 0.0, -1.0, -70.0, 25.0]",3.2778787193400487,0.0,0.0011637210845947266
9,"[-0.6294463, 0.08254022, 0.29114437, -0.9088297, 0.8919418, 0.68433076, -0.40677503, -0.8456249, -0.66022587, -0.74611115]","[-3.0, -12.0, 7.0, 12.0, 0.0, 7.0, 1.0, -2.0, -42.0, 16.0]",1.5398293735419495,0.0,0.00115966796875
10,"[0.9439754, -0.715402, 0.7825036, -0.3425808, -0.97468644, -0.21740332, 0.018392706, -0.78355914, 0.07535523, 0.63892716]","[-1.0, -11.0, 10.0, 9.0, -3.0, 5.0, -2.0, 0.0, -41.0, 14.0]",1.092750725915595,0.0,0.0011568069458007812
11,"[0.3976742, 0.6143361, -0.40797198, -0.99386716, -0.0342403, 0.98001885, 0.81507486, -0.8559544, -0.6244327, -0.3775442]","[-2.0, -10.0, -1.0, 4.0, 0.0, 4.0, -1.0, -2.0, -22.0, 9.0]",0.22436029278329583,0.0,0.001180410385131836
12,"[0.10909236, 0.43711084, 0.8827847, 0.5591831, -0.39130858, 0.51824486, -0.09995095, 0.55531275, 0.7731425, -0.5001213]","[-2.0, -7.0, 2.0, 6.0, -1.0, 3.0, 0.0, -2.0, -18.0, 8.0]",0.3536999493727219,0.0,0.0011494159698486328
13,"[-0.922051, 0.5647743, -0.44335973, 0.44689402, -0.1941493, 0.9912923, -0.5755897, -0.8835288, 0.959811, -0.512316]","[-3.0, -7.0, 4.0, 10.0, 0.0, 4.0, 2.0, -2.0, -27.0, 12.0]",0.423932876954,0.0,0.001165628433227539
14,"[-0.6771943, 0.12180384, 0.11829766, -0.09523862, 0.84940034, 0.50806785, 0.52905387, -0.46086115, -0.13136046, -0.025152603]","[-2.0, -6.0, 6.0, 9.0, 0.0, 4.0, 1.0, -2.0, -29.0, 11.0]",0.48552594728242837,0.0,0.0011887550354003906
15,"[-0.3937846, -0.13128294, 0.17425013, -0.6268219, -0.4766331, -0.010492127, -0.2304394, 0.638973, 0.643374, -0.32801592]","[-2.0, -11.0, 9.0, 14.0, -2.0, 6.0, 0.0, -1.0, -46.0, 17.0]",1.4366440444132969,0.0,0.0011627674102783203
16,"[0.685891, -0.10822676, 0.4171671, 0.46374547, -0.6520726, -0.2775679, 0.27460432, -0.85860676, -0.27691963, 0.069598936]","[-1.0, -9.0, 6.0, 8.0, -3.0, 4.0, -1.0, -1.0, -30.0, 11.0]",0.6120822411961272,0.0,0.0011584758758544922
17,"[0.5353191, -0.04199549, -0.7215515, 0.48419306, -0.86814046, 0.8848849, 0.6819786, 0.9261875, -0.50269586, -0.037548225]","[-2.0, -8.0, 3.0, 5.0, 0.0, 3.0, -1.0, -2.0, -20.0, 8.0]",0.1580855244535528,0.0,0.0011827945709228516
18,"[-0.16965617, -0.228231, -0.7448834, -0.23781958, -0.24402025, 0.24162875, -0.2231806, -0.16247597, -0.4549141, -0.7369922]","[-2.0, -9.0, 9.0, 13.0, -2.0, 5.0, 1.0, -1.0, -38.0, 14.0]",1.0189005952151093,0.0,0.0011606216430664062
19,"[0.7540149, 0.19727726, -0.16941343, 0.26426822, -0.006081094, 0.30398518, 0.2179426, 0.9573667, 0.24449314, 0.3820775]","[-1.0, -7.0, 1.0, 3.0, -1.0, 2.0, -1.0, -1.0, -16.0, 6.0]",0.2389030044669605,0.0,0.001157999038696289
20,"[0.12994193, 0.23126331, 0.8619608, 0.14552273, -0.5112141, -0.0794228, -0.30001217, -0.6657583, -0.5717654, -0.87781495]","[-2.0, -8.0, 6.0, 10.0, -2.0, 4.0, 1.0, -2.0, -26.0, 11.0]",0.3846563895120184,0.0,0.0011708736419677734
21,"[0.35010383, -0.41969272, 0.7395476, 0.49515623, -0.15112479, 0.42105836, 0.7353777, 0.95130426, 0.904703, -0.34934434]","[-2.0, -7.0, 10.0, 10.0, -1.0, 3.0, 1.0, -1.0, -27.0, 10.0]",0.38116629592834167,0.0,0.0011620521545410156
22,"[0.004502115, 0.5165822, -0.61691177, -0.07446796, -0.75851774, -0.38633016, -0.5641102, 0.010142254, -0.71756935, -0.23369849]","[-2.0, -8.0, 2.0, 7.0, -3.0, 3.0, 0.0, -1.0, -27.0, 11.0]",0.5507720612130275,0.0,0.001173257827758789
23,"[-0.42040056, 0.09577864, -0.85375154, 0.077649, -0.07878115, -0.30130535, -0.14075099, -0.6430667, 0.6404611, 0.84358436]","[-1.0, -6.0, 5.0, 8.0, -3.0, 3.0, 0.0, -1.0, -33.0, 12.0]",0.5015120101165866,0.0,0.0011606216430664062
24,"[-0.9591738, 0.23335904, 0.42157972, -0.20511156, -0.6330479, -0.3879688, 0.31159943, -0.01163426, 0.48684806, -0.5636595]","[-2.0, -10.0, 8.0, 15.0, -3.0, 6.0, 2.0, -2.0, -45.0, 18.0]",1.536149016736789,0.0,0.0011610984802246094
25,"[0.41763192, -0.8156765, 0.27310964, -0.25014228, -0.72955126, 0.8250641, -0.004745263, -0.08602245, 0.0848083, 0.24508776]","[-2.0, -9.0, 10.0, 9.0, 0.0, 4.0, -1.0, -1.0, -34.0, 11.0]",0.545594242043,0.0,0.0011749267578125
26,"[-0.16879706, -0.799658, 0.8223392, 0.015461928, -0.18605562, 0.17764978, -0.6144191, -0.73490244, -0.18894956, -0.54555863]","[-2.0, -10.0, 16.0, 18.0, -2.0, 6.0, 1.0, -1.0, -50.0, 18.0]",1.6254372705517237,0.0,0.0011696815490722656
27,"[-0.50243425, -0.20227785, -0.85997665, 0.22924104, 0.59866256, 0.7036815, 0.07270268, 0.53161114, -0.7001872, 0.48682594]","[-2.0, -6.0, 8.0, 10.0, 0.0, 4.0, 1.0, -2.0, -33.0, 12.0]",0.5667991067738412,0.0,0.0011751651763916016
28,"[0.74304616, -0.36654174, 0.05099315, 0.7807551, 0.5412635, 0.7830189, -0.4438523, 0.3818683, -0.7719748, 0.23241572]","[-2.0, -8.0, 8.0, 7.0, 0.0, 3.0, -1.0, -1.0, -26.0, 9.0]",0.5046315566116487,0.0,0.0011665821075439453
29,"[0.6689313, 0.26066822, -0.38967648, 0.19886161, 0.03174079, 0.86414945, 0.11006074, -0.9442107, 0.3721904, -0.8989189]","[-2.0, -8.0, 3.0, 5.0, 0.0, 3.0, 0.0, -2.0, -17.0, 7.0]",0.2340343705513529,0.0,0.0011627674102783203
30,"[-0.6792692, 0.34729084, -0.6414935, 0.3878992, -0.5408037, -0.7648974, -0.66943103, -0.9960157, 0.43747923, 0.4648021]","[-1.0, -7.0, 6.0, 12.0, -4.0, 4.0, 1.0, -1.0, -38.0, 15.0]",0.8209182394213028,0.0,0.0011792182922363281
31,"[0.1973181, 0.048850622, 0.4380332, -0.919222, 0.12703204, -0.7566562, -0.36958203, 0.32325372, -0.6851716, -0.38231632]","[-1.0, -13.0, 7.0, 12.0, -5.0, 6.0, -1.0, -1.0, -47.0, 17.0]",1.501084075370971,0.0,0.0011608600616455078
32,"[-0.44371277, 0.62827176, 0.2485489, 0.7246975, -0.68009686, -0.23867346, -0.7739676, -0.5689454, -0.21090499, 0.7891638]","[-2.0, -7.0, 2.0, 8.0, -3.0, 4.0, 0.0, -1.0, -30.0, 13.0]",0.7650949817023333,0.0,0.001165628433227539
33,"[0.39266738, 0.5053682, 0.8317614, 0.42343438, -0.2961794, 0.58103496, 0.3917235, 0.14851837, -0.2923342, 0.84209836]","[-2.0, -8.0, -1.0, 3.0, 0.0, 3.0, -1.0, -2.0, -19.0, 7.0]",0.1496360191235124,0.0,0.001186370849609375
34,"[0.561434, -0.9844771, -0.7875918, -0.05847642, 0.9365979, -0.92882454, -0.8760163, 0.42978525, 0.47089124, 0.7938735]","[0.0, -10.0, 14.0, 15.0, -5.0, 5.0, -1.0, 0.0, -53.0, 18.0]",1.8427018052213742,0.0,0.0011594295501708984
35,"[0.22812536, 0.6205747, 0.5059649, -0.50767505, -0.48361006, 0.9356756, 0.7748096, -0.36332536, 0.64810896, -0.676523]","[-3.0, -8.0, 0.0, 4.0, 1.0, 3.0, 0.0, -2.0, -17.0, 7.0]",0.3161536061058814,0.0,0.0011761188507080078
36,"[0.45271367, 0.95024025, -0.3154564, 0.5417463, -0.81185734, 0.73949647, 0.5568645, 0.04193492, 0.64206696, 0.3332469]","[-2.0, -8.0, -2.0, 3.0, 0.0, 3.0, -1.0, -2.0, -16.0, 7.0]",0.14730825132936917,0.0,0.0011720657348632812
37,"[-0.8750848, 0.7669295, -0.10336189, 0.020864978, 0.25318503, 0.8527652, -0.9617678, -0.046313062, 0.37544408, 0.44541392]","[-2.0, -7.0, 1.0, 7.0, 0.0, 4.0, 0.0, -2.0, -27.0, 11.0]",0.43851942808125755,0.0,0.0011985301971435547
38,"[0.18467297, 0.7342892, 0.9321802, 0.50230676, 0.19801442, -0.71533597, -0.85194325, 0.19205375, 0.07812821, 0.6921762]","[-1.0, -7.0, 0.0, 5.0, -4.0, 2.0, -1.0, -1.0, -24.0, 10.0]",0.34075035802497083,0.0,0.001188516616821289
39,"[-0.7661372, 0.72730285, 0.840183, -0.011430157, -0.8109029, 0.21244946, -0.2650772, -0.68427867, 0.83828676, -0.5211019]","[-2.0, -7.0, 2.0, 9.0, -1.0, 4.0, 1.0, -2.0, -27.0, 12.0]",0.5401404749951884,0.0,0.0011627674102783203
40,"[0.662122, -0.065320894, -0.7065252, -0.38769755, 0.9627065, -0.77781624, -0.67857, 0.9803557, 0.76420283, 0.4142575]","[0.0, -9.0, 6.0, 8.0, -4.0, 4.0, -1.0, 0.0, -34.0, 12.0]",0.8006341283928409,0.0,0.001165628433227539
41,"[0.006272517, 0.7129797, 0.31738725, -0.67413116, -0.8588625, 0.28483856, -0.9469774, 0.17155117, 0.8804605, 0.15094836]","[-2.0, -9.0, -1.0, 4.0, -1.0, 4.0, -1.0, -2.0, -22.0, 9.0]",0.167840570239578,0.0,0.0011734962463378906
42,"[0.31613055, 0.7458212, -0.53740555, 0.6504287, -0.4762913, 0.16200799, 0.86933, 0.022989638, -0.8131793, 0.7916196]","[-2.0, -9.0, -1.0, 4.0, -1.0, 3.0, -1.0, -2.0, -21.0, 9.0]",0.15416982450837624,0.0,0.0011637210845947266
43,"[-0.46668068, 0.96973187, 0.8222715, -0.9420145, 0.54145724, -0.77933043, -0.9450296, -0.45260897, -0.46130824, 0.63863754]","[-1.0, -8.0, -1.0, 5.0, -4.0, 4.0, -1.0, -1.0, -30.0, 13.0]",0.45548002065664495,0.0,0.0011324882507324219
44,"[-0.59247243, -0.8281419, -0.5437768, -0.7689528, -0.96517193, 0.5972905, -0.61901414, -0.76278555, -0.45559898, 0.5075482]","[-2.0, -11.0, 13.0, 14.0, 0.0, 7.0, 0.0, -1.0, -53.0, 18.0]",1.8426629117346065,0.0,0.0011057853698730469
45,"[0.98101026, -0.17476465, -0.25596383, 0.5528259, -0.31839293, 0.8615146, 0.7168255, -0.14201194, 0.5017421, 0.5090858]","[-2.0, -8.0, 5.0, 4.0, 0.0, 3.0, -1.0, -1.0, -19.0, 7.0]",0.08149135318471554,0.0,0.0010666847229003906
46,"[0.7177571, 0.13330603, 0.54348475, -0.4113897, 0.006117581, -0.96118724, 0.2156635, 0.067478694, 0.5105646, 0.45791194]","[0.0, -9.0, 4.0, 7.0, -5.0, 4.0, -1.0, 0.0, -33.0, 12.0]",0.7065796925053978,0.0,0.0010457038879394531
47,"[-0.64356315, 0.44123292, -0.650445, -0.6838914, 0.11093376, 0.66997445, -0.46306515, 0.68227637, 0.6159068, 0.1582108]","[-2.0, -7.0, 2.0, 6.0, 0.0, 4.0, 0.0, -1.0, -28.0, 11.0]",0.3999949596705016,0.0,0.0010399818420410156
48,"[-0.34548524, 0.3163948, -0.7516796, 0.0140953185, -0.96253943, -0.21679623, -0.8503144, -0.04970564, -0.1566367, -0.11122995]","[-2.0, -8.0, 4.0, 10.0, -3.0, 4.0, 1.0, -1.0, -33.0, 13.0]",0.5385341978720345,0.0,0.0010311603546142578
49,"[0.9312717, -0.5952729, 0.40927964, 0.6838773, 0.079687044, -0.3533538, -0.04288257, 0.024537502, -0.19872591, 0.859685]","[0.0, -9.0, 10.0, 10.0, -4.0, 4.0, -1.0, 0.0, -36.0, 12.0]",0.8176399374681662,0.0,0.0010273456573486328
50,"[0.32564813, 0.017432282, -0.37492272, 0.93781817, 0.6017953, -0.23762563, -0.66655284, 0.5590708, 0.97988856, -0.4420501]","[-1.0, -7.0, 8.0, 10.0, -3.0, 3.0, 1.0, -1.0, -27.0, 11.0]",0.5409090590451909,0.0,0.0010192394256591797
51,"[0.7074395, 0.14117707, 0.97121173, -0.71493363, -0.117690384, -0.599439, -0.2698002, 0.57952875, 0.6495489, -0.93656176]","[-2.0, -13.0, 6.0, 11.0, -4.0, 6.0, -1.0, -1.0, -39.0, 15.0]",1.076923951011318,0.0,0.0010249614715576172
52,"[-0.73469365, -0.19178459, 0.040816344, 0.64838785, 0.17125039, 0.8051949, -0.56446433, 0.19243903, 0.3104768, 0.45161012]","[-2.0, -6.0, 9.0, 12.0, 0.0, 4.0, 2.0, -2.0, -37.0, 14.0]",0.8325016012381337,0.0,0.0010235309600830078
53,"[0.86157644, 0.69882363, 0.5885551, -0.42775217, -0.3219161, -0.48139438, 0.5869667, -0.214347, 0.95737404, -0.27136743]","[-1.0, -9.0, 0.0, 4.0, -3.0, 3.0, -1.0, -1.0, -22.0, 9.0]",0.30767777037741945,0.0,0.0010225772857666016
54,"[0.42133462, 0.8736912, 0.319942, -0.98578453, -0.4688296, 0.81154513, 0.28689104, 0.96329445, -0.68807197, -0.40650433]","[-2.0, -10.0, -2.0, 4.0, 0.0, 4.0, -1.0, -2.0, -21.0, 9.0]",0.17209140631048406,0.0,0.0010223388671875
55,"[0.6635986, 0.39339, -0.3765454, -0.34599546, 0.055588357, 0.6711909, -0.30741367, 0.531878, -0.38861483, -0.32294923]","[-2.0, -9.0, 0.0, 3.0, 0.0, 3.0, -1.0, -2.0, -16.0, 7.0]",0.27061085365298,0.0,0.0010232925415039062
56,"[0.33470076, 0.79425555, 0.10801971, 0.38135973, 0.2389162, 0.6623909, 0.67172164, 0.179586, 0.2650153, 0.84375185]","[-2.0, -7.0, -2.0, 2.0, 0.0, 3.0, -1.0, -2.0, -16.0, 7.0]",0.1752039278270325,0.0,0.0010225772857666016
57,"[0.09185156, -0.731017, 0.71372795, 0.8623207, 0.9680409, -0.8458106, -0.6016729, -0.01001763, -0.45477328, 0.28524876]","[0.0, -7.0, 15.0, 17.0, -5.0, 4.0, 1.0, -1.0, -47.0, 17.0]",1.4354085965830286,0.0,0.001024007797241211
58,"[0.5128787, 0.36489916, -0.18935059, 0.110406175, -0.4934582, -0.92903316, 0.6720433, 0.792969, -0.6750587, 0.5741122]","[-1.0, -9.0, 3.0, 7.0, -5.0, 3.0, -1.0, -1.0, -30.0, 12.0]",0.7467753508866217,0.0,0.0010166168212890625
59,"[-0.15976696, 0.81911105, -0.5316314, -0.80494803, 0.26818007, -0.80830073, -0.25370294, -0.15284523, 0.09507614, 0.9833191]","[-1.0, -7.0, -1.0, 4.0, -4.0, 3.0, -1.0, -1.0, -28.0, 11.0]",0.2583748747800807,0.0,0.0010263919830322266
60,"[-0.018780623, -0.5666267, -0.6605531, -0.9996845, 0.436476, -0.77780557, -0.5123218, -0.40424734, 0.12075972, -0.20408544]","[-1.0, -15.0, 13.0, 18.0, -5.0, 9.0, -1.0, 0.0, -64.0, 23.0]",2.7878933707900804,0.0,0.0010275840759277344
61,"[-0.9814946, -0.8649304, 0.88703966, 0.20966908, 0.8554448, -0.74580365, -0.93604267, 0.0865645, -0.6495612, 0.71966773]","[-1.0, -8.0, 17.0, 21.0, -5.0, 6.0, 2.0, -1.0, -63.0, 22.0]",2.3540246986831055,0.0,0.0010266304016113281
62,"[0.8581307, -0.58469945, 0.6056574, -0.96414095, 0.75142556, 0.178568, -0.04484408, 0.4129154, -0.86469775, -0.6089121]","[-2.0, -14.0, 10.0, 11.0, -2.0, 6.0, -2.0, -1.0, -43.0, 15.0]",1.284507699530005,0.0,0.0010230541229248047
63,"[-0.40738377, -0.5327845, -0.9158136, -0.9642521, 0.9754448, -0.14445373, -0.23134671, 0.35929456, -0.56349224, 0.8999224]","[-1.0, -11.0, 10.0, 12.0, -2.0, 6.0, -1.0, -1.0, -52.0, 18.0]",1.3586599408339703,0.0,0.0010187625885009766
64,"[-0.47437146, -0.9095407, -0.9962545, -0.29870144, -0.51707155, -0.87536454, -0.6409434, -0.7510022, 0.82975674, -0.71946555]","[-2.0, -16.0, 20.0, 26.0, -6.0, 10.0, 2.0, -1.0, -78.0, 28.0]",4.384126836542221,0.0,0.0010149478912353516
65,"[0.31854543, 0.63730025, -0.23606054, -0.5922655, 0.7897739, -0.79343635, -0.2700491, 0.08114531, 0.60949934, 0.73768985]","[-1.0, -7.0, 0.0, 4.0, -4.0, 2.0, -1.0, -1.0, -25.0, 10.0]",0.3276094885946688,0.0,0.0010197162628173828
66,"[-0.5746471, 0.2079755, 0.9091235, -0.2804181, 0.7663138, -0.70244735, 0.87225205, -0.29902744, -0.24054557, -0.07431549]","[-1.0, -9.0, 7.0, 13.0, -4.0, 5.0, 1.0, -1.0, -42.0, 17.0]",1.2994489419071507,0.0,0.0010194778442382812
67,"[0.04394473, -0.9999413, -0.08080113, -0.71203506, 0.71626604, -0.17295155, -0.53598225, 0.023698628, -0.2685641, -0.07991124]","[-1.0, -14.0, 16.0, 18.0, -3.0, 8.0, 0.0, -1.0, -62.0, 21.0]",2.561360831081172,0.0,0.0010235309600830078
68,"[0.65086627, -0.8678558, 0.26340646, 0.9769892, -0.8247616, -0.5597363, 0.5216084, -0.8062117, 0.66545004, -0.99945974]","[-1.0, -11.0, 17.0, 20.0, -5.0, 6.0, 2.0, -1.0, -49.0, 18.0]",1.9506632282469345,0.0,0.00103759765625
69,"[0.5921714, -0.566774, 0.8086146, 0.582681, -0.33375528, -0.63879496, -0.44092995, -0.3347275, 0.11386634, -0.90726364]","[-1.0, -10.0, 15.0, 17.0, -5.0, 5.0, 1.0, -1.0, -44.0, 16.0]",1.4279828056731065,0.0,0.0010225772857666016
70,"[0.31303155, -0.43375483, -0.30544785, 0.8020564, 0.07711835, -0.3306785, 0.5534236, -0.8586705, 0.12732522, -0.80066055]","[-1.0, -8.0, 13.0, 15.0, -4.0, 4.0, 2.0, -1.0, -37.0, 14.0]",1.1799979457285474,0.0,0.0010221004486083984
71,"[0.3095515, -0.5431483, -0.45197645, -0.3703177, -0.7663918, -0.45368075, -0.5809615, -0.0893425, 0.8168751, -0.79103935]","[-2.0, -14.0, 13.0, 17.0, -4.0, 8.0, 0.0, -1.0, -54.0, 20.0]",2.277867655515832,0.0,0.001035451889038086
72,"[-0.7218493, -0.5549599, 0.07853493, -0.52823657, -0.93090045, -0.19542345, -0.42471054, -0.4724783, 0.9063456, -0.5230918]","[-2.0, -14.0, 15.0, 21.0, -3.0, 9.0, 1.0, -1.0, -65.0, 24.0]",3.0484075102581367,0.0,0.0010249614715576172
73,"[-0.7825765, -0.42072505, 0.4190096, 0.17657577, -0.039753966, 0.14304194, 0.11851603, -0.38591614, -0.8050881, 0.79356474]","[-1.0, -7.0, 11.0, 13.0, -2.0, 5.0, 1.0, -1.0, -44.0, 16.0]",1.0315555371974865,0.0,0.0010347366333007812
74,"[-0.010112675, -0.14160788, -0.9768536, 0.136079, -0.75051385, 0.52929646, -0.48452455, 0.3483748, 0.29244706, 0.2333512]","[-2.0, -8.0, 6.0, 8.0, 0.0, 4.0, 0.0, -1.0, -30.0, 11.0]",0.570070863356154,0.0,0.0010170936584472656
75,"[0.95680755, 0.45938805, 0.88489294, 0.36086845, 0.9263925, 0.79604113, -0.7867607, -0.05175367, -0.30510023, -0.9460018]","[-2.0, -10.0, 3.0, 6.0, -1.0, 3.0, -1.0, -2.0, -20.0, 8.0]",0.32577257757552514,0.0,0.0010209083557128906
76,"[-0.6239178, 0.7193311, -0.48448956, -0.5471408, -0.038571887, -0.0022979525, -0.5698295, -0.45627853, -0.6605895, 0.43692034]","[-2.0, -7.0, 0.0, 6.0, -1.0, 3.0, 0.0, -2.0, -27.0, 11.0]",0.3135295873158832,0.0,0.0010356903076171875
77,"[-0.32888466, 0.2972495, -0.08465608, -0.4573197, -0.8858068, 0.5677073, 0.7764517, -0.5880814, -0.87318975, -0.762749]","[-3.0, -9.0, 4.0, 9.0, 0.0, 5.0, 1.0, -2.0, -30.0, 12.0]",0.7181872724289844,0.0,0.001039266586303711
78,"[-0.2994881, -0.7198786, -0.3288031, -0.059186872, 0.9694386, 0.6759297, 0.58596313, 0.11964129, -0.27982026, 0.7138928]","[-1.0, -7.0, 11.0, 11.0, 0.0, 4.0, 1.0, -1.0, -38.0, 13.0]",0.6180570425806259,0.0,0.001033782958984375
79,"[-0.8799274, -0.21729732, -0.02496791, -0.7070585, 0.7354179, -0.4317007, 0.5660171, 0.34198895, 0.19609165, -0.6157143]","[-2.0, -13.0, 12.0, 20.0, -4.0, 8.0, 1.0, -1.0, -61.0, 23.0]",2.712723285439843,0.0,0.0010287761688232422
80,"[0.009529973, 0.9610509, -0.9514912, 0.6897225, 0.39952663, -0.6336387, -0.04715939, 0.25535914, 0.3933685, 0.84273]","[-1.0, -6.0, -1.0, 4.0, -4.0, 2.0, 0.0, -1.0, -21.0, 9.0]",0.18050874847147041,0.0,0.0010368824005126953
81,"[-0.35532308, 0.22078773, 0.8782174, 0.34348968, -0.8505082, -0.07863005, 0.7816483, -0.81107515, 0.97775143, 0.89813876]","[-1.0, -7.0, 3.0, 7.0, -2.0, 4.0, 0.0, -1.0, -31.0, 12.0]",0.5595202010340932,0.0,0.001024484634399414
82,"[-0.79296255, -0.9097192, -0.7253555, -0.59519327, -0.16807535, 0.16739137, -0.35546827, -0.7174812, 0.88064766, 0.029707424]","[-2.0, -13.0, 17.0, 21.0, -2.0, 9.0, 1.0, -1.0, -66.0, 23.0]",2.8630696546603294,0.0,0.0010235309600830078
83,"[-0.27106228, -0.88911194, -0.4049735, -0.73943317, 0.8326277, -0.59414923, -0.7126176, 0.25233763, 0.04382386, 0.1518649]","[-1.0, -14.0, 16.0, 20.0, -5.0, 8.0, 0.0, 0.0, -67.0, 23.0]",3.0905473759950897,0.0,0.0010256767272949219
84,"[0.06091908, 0.9401005, -0.076598406, -0.9734823, -0.05975129, 0.85976434, -0.8082773, -0.5540651, 0.43111855, -0.41179863]","[-3.0, -10.0, -2.0, 4.0, 0.0, 4.0, -1.0, -2.0, -22.0, 9.0]",0.30138448643301513,0.0,0.0010213851928710938
85,"[-0.8138934, 0.88785326, 0.4860188, -0.37406605, -0.4092952, 0.790437, -0.64486355, 0.07007458, 0.42700854, -0.2072193]","[-3.0, -8.0, -1.0, 6.0, 0.0, 4.0, 0.0, -2.0, -24.0, 10.0]",0.35983377363828245,0.0,0.0010275840759277344
86,"[0.80567694, -0.67323637, -0.3684854, -0.002461097, 0.5517011, 0.4975982, -0.57856625, -0.7115286, -0.3920608, -0.032491695]","[-1.0, -8.0, 10.0, 8.0, -1.0, 3.0, -1.0, -1.0, -28.0, 10.0]",0.4942888908967797,0.0,0.0010194778442382812
87,"[0.12207745, -0.8723728, 0.3868945, -0.8788062, 0.63493776, -0.9139316, -0.72520524, -0.44978482, 0.2667296, 0.9527182]","[0.0, -13.0, 14.0, 16.0, -5.0, 7.0, -1.0, 0.0, -63.0, 21.0]",2.6242340629471053,0.0,0.0010194778442382812
88,"[-0.30846596, -0.41410255, -0.145354, -0.3341489, 0.6793826, 0.16131322, -0.6476659, -0.5281086, -0.892893, -0.40062273]","[-2.0, -10.0, 11.0, 14.0, -2.0, 6.0, 1.0, -1.0, -44.0, 16.0]",1.3117138130461699,0.0,0.0010764598846435547
89,"[-0.58565366, 0.68168974, 0.7247234, 0.102499485, -0.19425856, 0.5867424, 0.74806273, 0.4765193, 0.81383353, 0.25306317]","[-2.0, -5.0, 0.0, 5.0, 0.0, 2.0, 0.0, -2.0, -18.0, 8.0]",0.18806935897312005,0.0,0.0011091232299804688
90,"[0.60250705, -0.06945859, -0.007375241, 0.7397232, -0.0145499855, 0.35875914, 0.6186058, 0.81576246, -0.56367165, 0.9507315]","[-1.0, -8.0, 5.0, 5.0, -1.0, 3.0, -1.0, -1.0, -25.0, 9.0]",0.18396662995208968,0.0,0.0011324882507324219
91,"[-0.4095897, -0.8535054, 0.14993453, 0.6466801, -0.22321713, -0.6298023, 0.47648, -0.4582298, 0.5394754, -0.475357]","[-1.0, -10.0, 19.0, 23.0, -5.0, 7.0, 2.0, -1.0, -59.0, 22.0]",2.4916875763719877,0.0,0.001142740249633789
92,"[-0.20793274, -0.08670854, 0.31804153, 0.36473963, -0.1249356, -0.89571214, -0.48182738, 0.8880305, 0.8548194, 0.29929727]","[-1.0, -8.0, 10.0, 14.0, -5.0, 4.0, 1.0, -1.0, -42.0, 16.0]",1.2352801818858898,0.0,0.0011501312255859375
93,"[-0.7642798, 0.91650236, -0.8179764, -0.53792775, -0.90684015, 0.4102263, 0.70059747, -0.13185784, 0.85704416, 0.18059814]","[-2.0, -7.0, -1.0, 5.0, -1.0, 3.0, 0.0, -2.0, -22.0, 10.0]",0.15258575898446342,0.0,0.001161336898803711
94,"[-0.18801624, -0.6069075, 0.22947477, 0.9873844, -0.26942548, 0.10475802, -0.34429064, 0.75389725, 0.7292054, -0.64245325]","[-2.0, -8.0, 15.0, 17.0, -3.0, 5.0, 2.0, -2.0, -42.0, 16.0]",1.2821501794845762,0.0,0.001153707504272461
95,"[0.75227433, -0.20260637, 0.31088626, 0.23072451, -0.2556778, -0.8262201, -0.95716894, -0.14352451, -0.03759685, 0.64535654]","[0.0, -9.0, 7.0, 9.0, -5.0, 4.0, -1.0, 0.0, -37.0, 13.0]",1.0556748650233345,0.0,0.0011568069458007812
96,"[-0.03731823, -0.81859803, -0.18782486, 0.98659974, -0.5752213, -0.20567311, 0.18902099, -0.6008231, 0.9355199, 0.26980522]","[-1.0, -8.0, 15.0, 17.0, -3.0, 5.0, 1.0, -1.0, -48.0, 17.0]",1.404538869042472,0.0,0.0011658668518066406
97,"[-0.51901907, -0.9579754, -0.87234324, -0.9351596, -0.70798427, 0.75305617, -0.43234682, -0.04056931, -0.025767263, 0.99052584]","[-2.0, -11.0, 12.0, 13.0, 0.0, 6.0, -1.0, -2.0, -53.0, 18.0]",1.5344320724072673,0.0,0.0011584758758544922
98,"[0.32906485, -0.34095654, -0.12501162, 0.8999467, -0.59991425, -0.85960644, -0.11715354, -0.6718536, -0.71068573, -0.17973584]","[-1.0, -9.0, 12.0, 16.0, -6.0, 5.0, 1.0, -1.0, -44.0, 17.0]",1.319387418492062,0.0,0.0011522769927978516
99,"[-0.52163535, 0.78481615, 0.91475314, -0.3529171, 0.23330684, 0.9168667, -0.001039998, -0.06267527, 0.0553885, -0.9336599]","[-3.0, -9.0, 0.0, 7.0, 0.0, 4.0, 0.0, -2.0, -22.0, 10.0]",0.5053836284489132,0.0,0.0011615753173828125
