,Sol,Obj Val,Constraints Viol,Elapsed Time
0,"[{0: 2.237210961825937, 1: 5.0}]",1.3097247117681852,0.0,0.731574296951294
1,"[{0: 2.4501552853705393, 1: 6.0}]",0.6388953401680528,0.0,0.7962427139282227
2,"[{0: 1.4128870208603872, 1: 2.0}]",0.2814657127810216,0.0,0.40650224685668945
3,"[{0: 2.238017698492721, 1: 5.0}]",3.815169903995503,0.0,0.9057197570800781
4,"[{0: 2.2365647973907765, 1: 5.0}]",0.288963996967677,0.0,0.7963004112243652
5,"[{0: 1.9999436955716439, 1: 4.0}]",0.0020312856559460057,0.0,0.684894323348999
6,"[{0: 2.646379497877466, 1: 7.0}]",0.774556264068191,0.0,0.9045600891113281
7,"[{0: 1.0026218497125745, 1: 1.0}]",0.2789388232466517,0.0,0.3249814510345459
8,"[{0: 2.237104865647633, 1: 5.0}]",1.07630859144687,0.0,0.6873345375061035
9,"[{0: 0.9982703670468182, 1: 1.0}]",0.11580698773969555,0.0,0.29313135147094727
10,"[{0: 2.002315124890411, 1: 4.0}]",3.4464941089493695,0.0,0.6850399971008301
11,"[{0: 1.732982889162089, 1: 3.0}]",0.31378616657872843,0.0,0.465116024017334
12,"[{0: 1.7342342397067856, 1: 3.0}]",1.7256187872043678,0.0,0.43795275688171387
13,"[{0: 1.4141405833504175, 1: 2.0}]",0.0008541483886161217,0.0,0.6852622032165527
14,"[{0: 2.237023423343373, 1: 5.0}]",0.9442814869801981,0.0,0.6861920356750488
15,"[{0: 1.735132294014345, 1: 3.0}]",3.442388808292433,0.0,0.5779356956481934
16,"[{0: 2.4494425832542324, 1: 6.0}]",0.0032050742438466742,0.0,1.1261301040649414
17,"[{0: 1.734108471409996, 1: 3.0}]",1.5322157096551872,0.0,0.4220728874206543
18,"[{0: 1.0065297739646901, 1: 1.0}]",1.7477482768981853,0.0,0.3262197971343994
19,"[{0: 2.45084322264026, 1: 6.0}]",2.644522083656229,0.0,0.7982957363128662
20,"[{0: 1.7321398053294557, 1: 3.0}]",0.5765973849223724,0.0,0.4087545871734619
21,"[{0: 2.002327071816832, 1: 4.0}]",3.482218629310618,0.0,0.45162343978881836
22,"[{0: 2.237534408564943, 1: 5.0}]",2.156805693683806,0.0,0.902418851852417
23,"[{0: 1.7327325495485788, 1: 3.0}]",0.16779459410133074,0.0,0.6871941089630127
24,"[{0: 1.0021056220481341, 1: 1.0}]",0.17580684816011366,0.0,0.3688817024230957
25,"[{0: 1.7327031480956905, 1: 3.0}]",0.15362593005287614,0.0,0.46800732612609863
26,"[{0: 2.6465782741212327, 1: 7.0}]",1.3425960776072174,0.0,0.7985341548919678
27,"[{0: 1.731515583686527, 1: 3.0}]",0.10320351259813457,0.0,0.6884133815765381
28,"[{0: 2.236429206174612, 1: 5.0}]",0.13067991256020373,0.0,0.9020040035247803
29,"[{0: 2.2375533307578865, 1: 5.0}]",2.212881893327018,0.0,0.795764684677124
30,"[{0: 1.4154580488552122, 1: 2.0}]",0.24907430389255364,0.0,0.280789852142334
31,"[{0: 1.9820033138892676, 1: 4.0}]",1.4379892331017285,0.0,0.799396276473999
32,"[{0: 1.9993483053835377, 1: 4.0}]",0.26744463682847425,0.0,0.8010461330413818
33,"[{0: 0.9996482809219953, 1: 1.0}]",0.003934799181181989,0.0,0.35800838470458984
34,"[{0: 1.7160913276982526, 1: 3.0}]",3.9986870849751313,0.0,0.4049501419067383
35,"[{0: 1.4129191741570977, 1: 2.0}]",0.2680047578792793,0.0,0.5780365467071533
36,"[{0: 1.7318069538689753, 1: 3.0}]",0.02143389890881576,0.0,0.7941744327545166
37,"[{0: 2.6466380087085226, 1: 7.000000000000017}]",1.6236664282464788,0.0,0.7954485416412354
38,"[{0: 1.0043786908314354, 1: 1.0}]",0.7808908980446769,0.0,0.29654455184936523
39,"[{0: 2.0029798390590625, 1: 4.0}]",5.715398222321923,0.0,0.6848549842834473
40,"[{0: 1.4216480579966015, 1: 2.0}]",9.005967306157617,0.0,0.3585538864135742
41,"[{0: 1.999466833307134, 1: 4.0}]",0.1820125979743804,0.0,0.8041086196899414
42,"[{0: 0.9983237333452042, 1: 1.0}]",0.11239164293685028,0.0,0.32213687896728516
43,"[{0: 1.7346873938296816, 1: 3.0}]",2.518196019531642,0.0,0.6903595924377441
44,"[{0: 2.2361239886610824, 1: 5.0}]",0.0046029650221289355,0.0,0.8015875816345215
45,"[{0: 1.7306782767864013, 1: 3.0}]",0.6861618982826901,0.0,0.43543577194213867
46,"[{0: 1.989748859623044, 1: 4.0}]",1.880156046667295,0.0,0.8024303913116455
47,"[{0: 1.4122405831901022, 1: 2.0}]",0.621775605229425,0.0,0.6839289665222168
48,"[{0: 1.7357943487173728, 1: 3.0}]",5.048417751555547,0.0,0.43674635887145996
49,"[{0: 1.4133159434333038, 1: 2.0}]",0.12899194169262346,0.0,0.6866223812103271
50,"[{0: 1.413202590945789, 1: 2.0}]",0.16358821511940497,0.0,0.3740835189819336
51,"[{0: 1.7311693345121453, 1: 3.0}]",0.2797572430214179,0.0,0.9036498069763184
52,"[{0: 1.6969785543345024, 1: 3.0}]",7.714364196078759,0.0,0.403658390045166
53,"[{0: 1.7346085870653951, 1: 3.0}]",2.3695868800735727,0.0,0.4080638885498047
54,"[{0: 2.2375344860593445, 1: 5.0}]",2.1570338791259602,0.0,0.7998247146606445
55,"[{0: 2.000113024054221, 1: 4.0}]",0.008187245853026106,0.0,0.7955942153930664
56,"[{0: 1.7322391299109732, 1: 3.0}]",0.012792956177823868,0.0,0.9023091793060303
57,"[{0: 1.0021717418135723, 1: 1.0}]",0.19083588981267624,0.0,0.6858808994293213
58,"[{0: 1.0070012433526432, 1: 1.0}]",2.0137698904243178,0.0,0.34275078773498535
59,"[{0: 2.6457952526234227, 1: 7.0}]",0.0037873786431680697,0.0,0.9056396484375
60,"[{0: 1.7342016292157207, 1: 3.0}]",1.6743636386247898,0.0,0.4379563331604004
61,"[{0: 1.002618977433191, 1: 1.0}]",0.27789888029807525,0.0,0.32691073417663574
62,"[{0: 2.2381216420033474, 1: 5.0}]",4.233391371406998,0.0,0.794492244720459
63,"[{0: 1.73112991340503, 1: 3.0}]",0.30531846061855905,0.0,0.39234113693237305
64,"[{0: 2.2381893809600397, 1: 5.0}]",4.517679164976064,0.0,0.7977263927459717
65,"[{0: 1.412077091990473, 1: 2.0}]",0.7288394543657031,0.0,0.4357020854949951
66,"[{0: 1.0070134907211863, 1: 1.0}]",2.0191830112641993,0.0,0.23389410972595215
67,"[{0: 1.9997920666134208, 1: 4.0}]",0.02769718343830793,0.0,0.9013164043426514
68,"[{0: 1.4164086617508, 1: 2.0}]",0.7764801727595637,0.0,0.37532854080200195
69,"[{0: 2.2366138221314076, 1: 5.0}]",0.29846263300500336,0.0,0.8006103038787842
70,"[{0: 2.2360742597522876, 1: 5.0}]",3.9506496496172745e-05,0.0,1.0187079906463623
71,"[{0: 2.235991369543296, 1: 5.0}]",0.005874044375500506,0.0,0.9099607467651367
72,"[{0: 1.7348706228155304, 1: 3.0}]",2.881272726238878,0.0,0.44930243492126465
73,"[{0: 1.7022555255490095, 1: 3.0}]",2.8989817462139924,0.0,0.37311387062072754
74,"[{0: 2.23766169659538, 1: 5.0}]",2.547917460056305,0.0,0.9040567874908447
75,"[{0: 1.999375283183177, 1: 4.0}]",0.24985164676114027,0.0,0.8002643585205078
76,"[{0: 2.6459599677802625, 1: 7.0}]",0.0854148938613898,0.0,0.9061596393585205
77,"[{0: 1.0090358764761866, 1: 1.0}]",3.371760409288422,0.0,0.307985782623291
78,"[{0: 1.4156197927959582, 1: 2.0}]",0.3181340724055787,0.0,0.4355614185333252
79,"[{0: 2.44948536336831, 1: 6.0}]",2.7641022039052124e-05,0.0,1.018672227859497
80,"[{0: 1.9996942228777794, 1: 4.0}]",0.059887121388975346,0.0,1.0114178657531738
81,"[{0: 1.9988346603190894, 1: 4.0}]",0.8686980964813497,0.0,0.799138069152832
82,"[{0: 1.4140663854866764, 1: 2.0}]",0.0034733473297094185,0.0,0.3698751926422119
83,"[{0: 1.7307014864045471, 1: 3.0}]",0.6550013547286297,0.0,0.9011082649230957
84,"[{0: 2.237068024862995, 1: 5.0}]",0.9914441273744617,0.0,0.7958657741546631
85,"[{0: 2.2369733637009634, 1: 5.0}]",0.8215403877698384,0.0,0.7937760353088379
86,"[{0: 1.9639404017147646, 1: 4.0}]",6.490077015130278,0.0,0.6841208934783936
87,"[{0: 1.0118110174333264, 1: 1.0}]",5.821410423100892,0.0,0.1384432315826416
88,"[{0: 1.7303446852952054, 1: 3.0}]",1.0465585910798398,0.0,0.7996337413787842
89,"[{0: 1.420709416139708, 1: 2.0}]",6.861831121689722,0.0,0.2972092628479004
90,"[{0: 2.0024309035552075, 1: 4.0}]",3.8004886144832404,0.0,0.6879017353057861
91,"[{0: 2.236105152749733, 1: 5.0}]",0.0013834506106532784,0.0,1.011258602142334
92,"[{0: 1.7338938142348734, 1: 3.0}]",1.2331600184194378,0.0,0.6862804889678955
93,"[{0: 2.451115788111292, 1: 6.0}]",3.81815648757024,0.0,0.7936744689941406
94,"[{0: 1.4172338389365664, 1: 2.0}]",1.4725607439659436,0.0,0.31274843215942383
95,"[{0: 2.237948941855714, 1: 5.0}]",3.5505045477932287,0.0,0.7955131530761719
96,"[{0: 1.9985404208952227, 1: 4.0}]",1.36215788950692,0.0,0.7996935844421387
97,"[{0: 1.0013439827001998, 1: 1.0}]",0.06945896302899522,0.0,0.34308743476867676
98,"[{0: 1.0062257105847516, 1: 1.0}]",1.5873316142802512,0.0,0.13887500762939453
99,"[{0: 2.00104665370772, 1: 4.0}]",0.7030881854800617,0.0,0.4095284938812256
100,"[{0: 1.0134832195483252, 1: 1.0}]",7.607208441507843,0.0,0.3101351261138916
101,"[{0: 2.4511562849019164, 1: 6.0}]",4.0109064597992985,0.0,1.0147061347961426
102,"[{0: 2.0000691675693694, 1: 4.0}]",0.0030660028367194754,0.0,0.9026434421539307
103,"[{0: 1.7303137766367491, 1: 3.0}]",1.0847635967806653,0.0,0.9036316871643066
104,"[{0: 1.419891310834769, 1: 2.0}]",5.23323298792151,0.0,0.35718250274658203
105,"[{0: 2.0011444904334716, 1: 4.0}]",0.8407978892359174,0.0,0.4071929454803467
106,"[{0: 1.9991182334753193, 1: 4.0}]",0.4975716995358261,0.0,0.9018573760986328
107,"[{0: 1.007288682220385, 1: 1.0}]",2.17756065666327,0.0,0.14188885688781738
108,"[{0: 2.2372989029019985, 1: 5.0}]",1.519197105255912,0.0,0.7955589294433594
109,"[{0: 2.2374110034386727, 1: 5.0}]",1.8087756405238373,0.0,0.8006162643432617
110,"[{0: 2.236330074985081, 1: 5.0}]",0.06878795405443552,0.0,0.9119110107421875
111,"[{0: 1.414977644158112, 1: 2.0}]",0.09379650605667622,0.0,0.265582799911499
112,"[{0: 2.449156850203676, 1: 6.0}]",3.786323399708503,0.0,0.7971758842468262
113,"[{0: 1.010547069455267, 1: 1.0}]",4.614518471852305,0.0,0.34194254875183105
114,"[{0: 1.41600253521025, 1: 2.0}]",0.5152955535300333,0.0,0.34179162979125977
115,"[{0: 1.999527739159919, 1: 4.0}]",0.14281668531458025,0.0,0.7917768955230713
116,"[{0: 2.4503010987090987, 1: 6.0}]",0.9496822913971027,0.0,0.7943971157073975
117,"[{0: 1.0023239418927796, 1: 1.0}]",0.2186207969414445,0.0,0.1396348476409912
118,"[{0: 1.4136462053305798, 1: 2.0}]",0.05156978878157027,0.0,0.3249549865722656
119,"[{0: 1.417209352230005, 1: 2.0}]",1.4487051505711628,0.0,0.34369635581970215
120,"[{0: 1.414825973436987, 1: 2.0}]",0.06023564731558342,0.0,0.4511070251464844
121,"[{0: 1.4181833888424276, 1: 2.0}]",2.5581267450706804,0.0,0.34131336212158203
122,"[{0: 0.999870696733943, 1: 1.0}]",0.0007938543858191124,0.0,0.26411938667297363
123,"[{0: 2.0013964967959064, 1: 4.0}]",1.2523078580907114,0.0,0.6855430603027344
124,"[{0: 1.9995418978738653, 1: 4.0}]",0.1343844168278878,0.0,0.6909654140472412
125,"[{0: 1.7299684656689498, 1: 3.0}]",1.5130315269226566,0.0,0.6874392032623291
126,"[{0: 1.7308443804116664, 1: 3.0}]",0.5237465526540616,0.0,0.791154146194458
127,"[{0: 1.015721032354885, 1: 1.0}]",10.410499278172265,0.0,0.2799355983734131
128,"[{0: 2.6466956075447077, 1: 7.0}]",1.7508447379790848,0.0,0.9029843807220459
129,"[{0: 1.9992935539056578, 1: 4.0}]",0.31946307447323713,0.0,0.4691319465637207
130,"[{0: 2.4504583593028855, 1: 6.0}]",1.3537636017870949,0.0,0.9047520160675049
131,"[{0: 2.449893303922405, 1: 6.0}]",0.23483209498559335,0.0,0.7935755252838135
132,"[{0: 2.646992351984538, 1: 7.0}]",3.0180287969645474,0.0,0.6882703304290771
133,"[{0: 1.9999930370100334, 1: 4.0}]",3.106772851688316e-05,0.0,0.9100086688995361
134,"[{0: 1.4187099273356107, 1: 2.0}]",3.2738406992689932,0.0,0.42010974884033203
135,"[{0: 1.730421378128055, 1: 3.0}]",0.9547112309426204,0.0,0.40410423278808594
136,"[{0: 2.0001162996345214, 1: 4.0}]",0.007214248884739024,0.0,0.3132200241088867
137,"[{0: 2.451075033326318, 1: 6.0}]",3.6289794835739544,0.0,0.9019756317138672
138,"[{0: 2.000827733553563, 1: 4.0}]",0.429698941878897,0.0,0.6875712871551514
139,"[{0: 1.003202570616768, 1: 1.0}]",0.4223707458233677,0.0,0.23265862464904785
140,"[{0: 1.4131322015859868, 1: 2.0}]",0.18713313976346113,0.0,0.40716028213500977
141,"[{0: 2.646228242907954, 1: 7.0}]",0.4463890613617622,0.0,0.9004602432250977
142,"[{0: 2.23691001593281, 1: 5.0}]",0.7105393497815126,0.0,0.9059216976165771
143,"[{0: 1.9999947001505083, 1: 4.0}]",1.7998901805908092e-05,0.0,0.8029475212097168
144,"[{0: 1.6976379843573208, 1: 3.0}]",7.488397835300786,0.0,0.2940800189971924
145,"[{0: 1.4121507024836002, 1: 2.0}]",0.6795874817475542,0.0,0.6869630813598633
146,"[{0: 1.9996439691852166, 1: 4.0}]",0.08118315439376407,0.0,0.7934243679046631
147,"[{0: 2.238011708647723, 1: 5.0}]",3.7917338965691325,0.0,0.7956202030181885
148,"[{0: 1.9997299600019287, 1: 4.0}]",0.04670925243264677,0.0,0.6923336982727051
149,"[{0: 1.731679574581854, 1: 3.0}]",0.04966379203020497,0.0,0.7937648296356201
150,"[{0: 2.2364682833044123, 1: 5.0}]",0.16049108951628818,0.0,0.7939040660858154
151,"[{0: 1.4201143118267225, 1: 2.0}]",5.6550510999728765,0.0,0.34338808059692383
152,"[{0: 1.7306856963801855, 1: 3.0}]",0.6704026368012713,0.0,0.6850438117980957
153,"[{0: 1.9983016293726177, 1: 4.0}]",5.172386448610147,0.0,0.6860027313232422
154,"[{0: 2.002094454806373, 1: 4.0}]",2.8198581035654806,0.0,0.3284602165222168
155,"[{0: 1.7312065144446298, 1: 3.0}]",0.2566715356873515,0.0,0.7948272228240967
156,"[{0: 2.6462524396208833, 1: 7.0}]",0.4928458618338024,0.0,0.791365385055542
157,"[{0: 1.0051339022833428, 1: 1.0}]",1.0759048004259177,0.0,0.2932264804840088
158,"[{0: 2.000136289184016, 1: 4.0}]",0.011905125938506908,0.0,0.9121296405792236
159,"[{0: 1.7352054419742906, 1: 3.0}]",3.608214754276935,0.0,0.464221715927124
160,"[{0: 2.0029288261078757, 1: 4.0}]",5.5209638139510435,0.0,0.4208528995513916
161,"[{0: 1.0000589043802801, 1: 1.0}]",4.378798767469493e-05,0.0,0.13863778114318848
162,"[{0: 1.7327998566097988, 1: 3.0}]",0.2025857769231158,0.0,0.472750186920166
163,"[{0: 2.0005288371515273, 1: 4.0}]",0.1793538072451659,0.0,0.4649658203125
164,"[{0: 1.004964385976475, 1: 1.0}]",1.0055195427126222,0.0,0.31032562255859375
165,"[{0: 1.9999410167747906, 1: 4.0}]",0.002229159484902606,0.0,0.7947244644165039
166,"[{0: 1.99836658410883, 1: 3.9999999999999987}]",1.664406319342214,0.0,1.0149309635162354
167,"[{0: 1.0109745771919092, 1: 1.0}]",5.002517639087344,0.0,0.2659010887145996
168,"[{0: 2.2360767582394634, 1: 5.0}]",7.717939979217972e-05,0.0,0.6905860900878906
169,"[{0: 1.4138766882002414, 1: 2.0}]",0.018189883946643042,0.0,0.46636414527893066
170,"[{0: 2.237592958060209, 1: 5.0}]",2.3326544916381002,0.0,0.9081332683563232
171,"[{0: 1.4199050037994125, 1: 2.0}]",5.258657275384673,0.0,0.34207797050476074
172,"[{0: 1.4167720825829655, 1: 2.0}]",1.0610409295295058,0.0,0.263685941696167
173,"[{0: 1.4149102782221956, 1: 2.0}]",0.07797518529247499,0.0,0.2973442077636719
174,"[{0: 1.0100592654313953, 1: 1.0}]",4.191478202975753,0.0,0.27900099754333496
175,"[{0: 1.4148076899827131, 1: 2.0}]",0.05669048619396333,0.0,0.310178279876709
176,"[{0: 1.7315713757597966, 1: 3.0}]",0.08281693102788458,0.0,0.7946157455444336
177,"[{0: 2.64630524661317, 1: 7.0}]",0.6022229102126856,0.0,1.013786792755127
178,"[{0: 1.9983266183546704, 1: 4.0}]",1.7898759095496797,0.0,0.7967226505279541
179,"[{0: 1.730630065359637, 1: 3.0}]",0.7263580856786469,0.0,0.4405951499938965
180,"[{0: 0.9976392141287697, 1: 1.0}]",0.22246957593448588,0.0,0.31310153007507324
181,"[{0: 1.413458743248375, 1: 2.0}]",0.0912422021871664,0.0,0.6827709674835205
182,"[{0: 1.4126192192797102, 1: 2.0}]",0.4063505516263196,0.0,0.4195246696472168
183,"[{0: 1.4218058234033575, 1: 2.0}]",9.39537406390582,0.0,0.4228837490081787
184,"[{0: 1.7319229881347473, 1: 3.0}]",0.0058901101627663955,0.0,0.796393871307373
185,"[{0: 1.730993303779873, 1: 3.0}]",0.40252679165067673,0.0,0.7829203605651855
186,"[{0: 1.4143376645892063, 1: 2.0}]",0.002471027486477758,0.0,0.80130934715271
187,"[{0: 1.736216245595471, 1: 3.0}]",6.301933340567244,0.0,0.6886856555938721
188,"[{0: 2.449606818838556, 1: 6.0}]",0.017186351293820488,0.0,0.7971391677856445
189,"[{0: 1.9999491521015424, 1: 4.0}]",0.0016566677652665126,0.0,0.6900982856750488
190,"[{0: 1.735801555822933, 1: 3.0}]",5.10595852841184,0.0,0.3621962070465088
191,"[{0: 2.0001032481409378, 1: 4.0}]",0.006385798934071763,0.0,1.0102252960205078
192,"[{0: 1.9998002625595601, 1: 4.0}]",0.025557092753969744,0.0,0.6885557174682617
193,"[{0: 1.4140013363962487, 1: 2.0}]",0.007221147899637947,0.0,0.40524721145629883
194,"[{0: 1.7325150746195308, 1: 3.0}]",0.07778757855568272,0.0,0.7926137447357178
195,"[{0: 1.7321085195868635, 1: 3.0}]",0.0012011620624333096,0.0,0.7981173992156982
196,"[{0: 2.6461534068757513, 1: 7.0}]",0.31726573587044316,0.0,0.9076852798461914
197,"[{0: 1.999573310321418, 1: 4.0}]",0.11659207230682685,0.0,0.7984762191772461
198,"[{0: 1.0088809337703577, 1: 1.0}]",3.2556197449194793,0.0,0.294769287109375
199,"[{0: 1.4125882125015337, 1: 2.0}]",0.4222818965721038,0.0,0.6851577758789062
200,"[{0: 1.7312734229576614, 1: 3.0}]",0.21762730112920953,0.0,0.43585944175720215
201,"[{0: 2.000161804396991, 1: 4.0}]",0.016780637033759736,0.0,0.6859376430511475
202,"[{0: 1.4212396860357601, 1: 2.0}]",8.009271111439348,0.0,0.31290268898010254
203,"[{0: 2.000011245761002, 1: 4.0}]",8.104151517359734e-05,0.0,0.9040553569793701
204,"[{0: 2.236986720962516, 1: 5.0}]",0.8459748908325488,0.0,0.8013861179351807
205,"[{0: 1.9994009158388328, 1: 4.0}]",0.2297778631024662,0.0,0.5796499252319336
206,"[{0: 1.9987605651898528, 1: 4.0}]",0.9825687019538976,0.0,0.7972004413604736
207,"[{0: 1.9984177837294217, 1: 4.0}]",1.6003832333883652,0.0,1.016960859298706
208,"[{0: 1.7320088737685122, 1: 3.000000000000001}]",0.00010827972931688961,0.0,0.7947373390197754
209,"[{0: 1.7310492637336385, 1: 3.0}]",0.36108788708970085,0.0,0.688704252243042
210,"[{0: 1.4136691796751453, 1: 2.0}]",0.04748016200233268,0.0,0.2812786102294922
211,"[{0: 2.237363126339284, 1: 5.0}]",1.7064631065296423,0.0,0.7971699237823486
212,"[{0: 1.4120811574130139, 1: 2.0}]",0.7221568146380394,0.0,0.34481310844421387
213,"[{0: 2.236562491461966, 1: 5.0}]",0.24495094109877552,0.0,0.7977056503295898
214,"[{0: 1.4157164885740026, 1: 2.0}]",0.3634639790450454,0.0,0.3275027275085449
215,"[{0: 1.0075086749364794, 1: 1.0}]",2.3177843780621843,0.0,0.42139673233032227
216,"[{0: 1.417536304199586, 1: 2.0}]",1.783407812589538,0.0,0.35859084129333496
217,"[{0: 1.003727843429591, 1: 1.0}]",0.5649042026504179,0.0,0.6799826622009277
218,"[{0: 1.9996009236807408, 1: 4.0}]",0.10199400343043977,0.0,0.7918052673339844
219,"[{0: 2.4502957017008873, 1: 6.0}]",0.9676815179653326,0.0,0.2803223133087158
220,"[{0: 2.002473701454297, 1: 4.0}]",3.9357397759450192,0.0,0.4395637512207031
221,"[{0: 1.4138546054424188, 1: 2.0}]",0.020651845388327567,0.0,0.23771381378173828
222,"[{0: 0.9994301949112625, 1: 1.0}]",0.0119361255061507,0.0,0.2803647518157959
223,"[{0: 1.0150397263014013, 1: 1.0}]",9.508580190929484,0.0,0.1518847942352295
224,"[{0: 1.415422410719236, 1: 2.0}]",0.2349954454295807,0.0,0.28490591049194336
225,"[{0: 2.645798186457576, 1: 7.0}]",0.0035399223472773298,0.0,0.9202466011047363
226,"[{0: 1.4155183914284661, 1: 2.0}]",0.27384905963572753,0.0,0.28014445304870605
227,"[{0: 1.41318750060688, 1: 2.0}]",0.16850289754711215,0.0,0.6894505023956299
228,"[{0: 1.0091160208889454, 1: 1.0}]",3.432654227353181,0.0,0.29692935943603516
229,"[{0: 1.4171628318710394, 1: 2.0}]",1.4039237390911485,0.0,0.31308650970458984
230,"[{0: 1.7313514221263726, 1: 3.0}]",0.17617054694331896,0.0,0.6903328895568848
231,"[{0: 2.2361453373905933, 1: 5.0}]",0.005094088435705024,0.0,0.9007046222686768
232,"[{0: 1.419849675529117, 1: 2.0}]",5.156309936785332,0.0,0.31466197967529297
233,"[{0: 1.0091372210029852, 1: 1.0}]",3.448855646841606,0.0,0.3741576671600342
234,"[{0: 1.4128986557578045, 1: 2.0}]",0.27655679890420576,0.0,0.6812293529510498
235,"[{0: 1.4173895962445777, 1: 2.0}]",1.6288948173037465,0.0,0.3741161823272705
236,"[{0: 1.4189201234060302, 1: 2.0}]",3.588679136829183,0.0,0.3411843776702881
237,"[{0: 2.6464826727023825, 1: 7.0}]",1.0500028204673566,0.0,0.9075360298156738
238,"[{0: 2.2368471933842717, 1: 5.0}]",0.6084197836283697,0.0,1.0106306076049805
239,"[{0: 1.73101590814224, 1: 3.0}]",0.3855176032432628,0.0,0.4653048515319824
240,"[{0: 1.9774796337941511, 1: 4.0}]",2.2595284160418885,0.0,0.46968626976013184
241,"[{0: 2.000652455231955, 1: 4.0}]",1.4613321854746715,0.0,0.6858394145965576
242,"[{0: 1.7301602921746053, 1: 3.0}]",1.284591392957753,0.0,0.6899380683898926
243,"[{0: 2.235978983979094, 1: 5.0}]",0.007926820679819941,0.0,1.0129268169403076
244,"[{0: 1.7322167573521763, 1: 3.0}]",0.009933534147634001,0.0,0.7941365242004395
245,"[{0: 1.4185908619683203, 1: 2.0}]",3.1019711327651156,0.0,0.2958252429962158
246,"[{0: 1.731438990451365, 1: 3.0}]",0.1348370341739536,0.0,0.45261478424072266
247,"[{0: 1.7339303427250674, 1: 3.0}]",1.2780217618029854,0.0,0.7999022006988525
248,"[{0: 2.6468263682684054, 1: 7.0}]",2.269647345658198,0.0,0.906787633895874
249,"[{0: 2.2375202516689208, 1: 5.0}]",2.11532305996261,0.0,0.7926146984100342
250,"[{0: 2.0027233198098715, 1: 4.0}]",4.771900707054089,0.0,0.6923322677612305
251,"[{0: 1.3445305952883997, 1: 2.0}]",11.269551405300845,0.0,0.18813419342041016
252,"[{0: 1.7300728529035256, 1: 3.0}]",1.412245298045003,0.0,0.8000133037567139
253,"[{0: 1.0097778731083504, 1: 1.0}]",3.944411722501275,0.0,0.3440883159637451
254,"[{0: 1.7327480691007655, 1: 3.0}]",0.17552580348204208,0.0,0.6891829967498779
255,"[{0: 1.414176016102749, 1: 2.0}]",6.376848032366624,0.0,0.22026991844177246
256,"[{0: 1.7316766565374229, 1: 3.0}]",0.050447361772373855,0.0,0.691826343536377
257,"[{0: 1.4216523240514671, 1: 2.0}]",9.037051035814283,0.0,0.29642438888549805
258,"[{0: 1.734081817186701, 1: 3.0}]",1.4927085178858042,0.0,0.7896444797515869
259,"[{0: 2.646481450578521, 1: 7.0}]",1.0568481981983375,0.0,0.9038865566253662
260,"[{0: 1.41278543181047, 1: 2.0}]",0.3261565633728115,0.0,0.2673335075378418
261,"[{0: 1.731221228822361, 1: 3.0}]",0.24780924040905947,0.0,0.7944445610046387
262,"[{0: 1.9836586785638217, 1: 4.0}]",2.614252556194342,0.0,0.7947354316711426
263,"[{0: 0.9979436737615507, 1: 1.0}]",0.16894195400042725,0.0,0.2799205780029297
264,"[{0: 2.4505929103946484, 1: 6.0}]",1.735736511673081,0.0,0.797015905380249
265,"[{0: 0.9977868206501243, 1: 1.0}]",0.1963332744837979,0.0,0.25254082679748535
266,"[{0: 2.001407349275432, 1: 4.0}]",1.271868073999353,0.0,0.40729260444641113
267,"[{0: 1.9999505295857463, 1: 4.0}]",0.0015681275879698537,0.0,1.0105371475219727
268,"[{0: 2.236776842897284, 1: 5.0}]",0.5034708551382722,0.0,1.0121400356292725
269,"[{0: 2.2371142543534273, 1: 5.0}]",1.0973278952587275,0.0,0.794121503829956
270,"[{0: 1.4153485762212095, 1: 2.0}]",0.20713346095050056,0.0,0.36262083053588867
271,"[{0: 0.9996275601974934, 1: 1.0}]",0.004621559750409079,0.0,0.23634099960327148
272,"[{0: 1.9984733901375358, 1: 4.0}]",1.4899944318367877,0.0,0.9011969566345215
273,"[{0: 2.0010674909572015, 1: 4.0}]",0.7313842623424249,0.0,0.797191858291626
274,"[{0: 2.449600585884273, 1: 6.0}]",0.017709264055743933,0.0,0.795790433883667
275,"[{0: 2.450349805147587, 1: 6.0}]",1.0381371539364523,0.0,0.6846039295196533
276,"[{0: 2.4495642553575645, 1: 5.9999999999999885}]",0.007995061616971472,0.0,0.9035983085632324
277,"[{0: 2.0002368906673764, 1: 4.0}]",0.03597266314307845,0.0,0.7953152656555176
278,"[{0: 1.7326499946402392, 1: 3.0}]",0.12959873027165472,0.0,0.6851282119750977
279,"[{0: 1.9982555612283497, 1: 4.0}]",1.941399256381757,0.0,0.6869618892669678
280,"[{0: 1.7322330825540915, 1: 3.0000000000000036}]",0.012118987913058469,0.0,0.7936222553253174
281,"[{0: 1.4216115836650316, 1: 2.0}]",8.917129990739099,0.0,0.32770609855651855
282,"[{0: 2.642880635128157, 1: 7.0}]",1.8376491503990282,0.0,0.7928786277770996
283,"[{0: 1.9997721362319862, 1: 4.0}]",0.033260190243041915,0.0,0.7973446846008301
284,"[{0: 2.001061803908551, 1: 4.0}]",0.7236059307108459,0.0,0.5772035121917725
285,"[{0: 1.0140769167816144, 1: 1.0}]",8.306450327331703,0.0,0.2957420349121094
286,"[{0: 1.7329370611013322, 1: 3.0}]",0.2836661130369957,0.0,0.7928493022918701
287,"[{0: 1.9982146310968463, 1: 4.0}]",2.0371166950167248,0.0,0.7901277542114258
288,"[{0: 1.9985001975847747, 1: 4.0}]",1.4428984916644645,0.0,0.7967877388000488
289,"[{0: 1.4170166089183895, 1: 2.0}]",1.2677714181105515,0.0,0.4041893482208252
290,"[{0: 1.0164010831300292, 1: 1.0}]",11.35340237966787,0.0,0.26474690437316895
291,"[{0: 2.646198797043724, 1: 7.0}]",0.3929572242754537,0.0,0.9058480262756348
292,"[{0: 1.4126384976968815, 1: 2.0}]",0.39659918557474805,0.0,0.7957220077514648
293,"[{0: 1.731260571801063, 1: 3.0}]",0.22487708536957932,0.0,0.6867239475250244
294,"[{0: 2.6464230868496053, 1: 6.99999999999996}]",0.8821078771466933,0.0,0.9052026271820068
295,"[{0: 1.0140003453060327, 1: 1.0}]",8.172280885898278,0.0,0.32475948333740234
296,"[{0: 2.236801593063203, 1: 5.0}]",0.5392600673294108,0.0,0.902036190032959
297,"[{0: 1.0101815329245347, 1: 1.0}]",4.295546971550883,0.0,0.32791829109191895
298,"[{0: 1.4122121598728556, 1: 2.0}]",0.6397810555487916,0.0,0.6854052543640137
299,"[{0: 2.4506251996592985, 1: 6.0}]",1.860668651169242,0.0,0.7954130172729492
300,"[{0: 2.002060614448133, 1: 4.0}]",2.7293338661028206,0.0,0.43811893463134766
301,"[{0: 1.9994206481790453, 1: 4.0}]",0.21489688012858,0.0,1.0114707946777344
302,"[{0: 2.2166224315935277, 1: 5.0}]",1.6249606920257424,0.0,0.7966351509094238
303,"[{0: 1.4140768963023564, 1: 2.0}]",0.0029950223967316475,0.0,0.906583309173584
304,"[{0: 1.412332280992587, 1: 2.0}]",0.5654323100664669,0.0,0.34389829635620117
305,"[{0: 1.4139399982988914, 1: 2.0}]",0.011996950225190654,0.0,0.684683084487915
306,"[{0: 1.4137152994485997, 1: 2.0}]",0.03977985236162379,0.0,0.6870036125183105
307,"[{0: 1.0042030260158896, 1: 1.0}]",0.7205994568602782,0.0,0.23319602012634277
308,"[{0: 1.732785361426667, 1: 3.0}]",0.19481610063373078,0.0,0.6957924365997314
309,"[{0: 2.000666528116869, 1: 4.0}]",0.2849661237650231,0.0,0.6821737289428711
310,"[{0: 2.449454376324848, 1: 6.0}]",0.0018025538783976649,0.0,1.3415412902832031
311,"[{0: 1.7318022477610395, 1: 3.0}]",0.0222690020818605,0.0,0.6912200450897217
312,"[{0: 1.7301919674086568, 1: 3.0}]",1.241973950652467,0.0,0.6852669715881348
313,"[{0: 1.0094295503802249, 1: 1.0}]",3.6697845753790186,0.0,0.15740394592285156
314,"[{0: 1.4158783735700682, 1: 2.0}]",0.44613345965401263,0.0,0.28181910514831543
315,"[{0: 1.7319886376218951, 1: 3.0}]",0.0013936059817719426,0.0,0.6882567405700684
316,"[{0: 2.002452128469706, 1: 4.0}]",3.86726754625213,0.0,0.41758036613464355
317,"[{0: 1.012151714416678, 1: 1.0}]",6.154634607002221,0.0,0.12378573417663574
318,"[{0: 2.450722428612412, 1: 6.0}]",2.193230237446376,0.0,0.5788960456848145
319,"[{0: 2.4495150890788557, 1: 6.0}]",0.0009259056296246607,0.0,0.7982454299926758
320,"[{0: 1.7308710257797475, 1: 3.0}]",0.5008900176698288,0.0,0.6772382259368896
321,"[{0: 1.01118032820629, 1: 1.0}]",5.19501610384699,0.0,0.28060173988342285
322,"[{0: 1.9991558897753237, 1: 4.0}]",0.4560067774386889,0.0,0.6887843608856201
323,"[{0: 2.23609679870914, 1: 5.0}]",0.0008315249281796839,0.0,0.9086036682128906
324,"[{0: 1.9984501401779007, 1: 4.0}]",1.5356711122129096,0.0,0.9086322784423828
325,"[{0: 2.4506144838591672, 1: 6.0}]",1.8256905560333345,0.0,0.7943379878997803
326,"[{0: 1.9987550972859716, 1: 4.0}]",0.9912491186737928,0.0,0.6829450130462646
327,"[{0: 2.002631999706046, 1: 4.0}]",4.456628227837998,0.0,0.6884264945983887
328,"[{0: 1.4079317068189643, 1: 2.0}]",6.513067653840495,0.0,0.34261322021484375
329,"[{0: 2.2361901083503155, 1: 5.0}]",0.014933305632755467,0.0,0.6895148754119873
330,"[{0: 2.2373071129629043, 1: 5.0}]",1.539547194692884,0.0,0.9038136005401611
331,"[{0: 2.449929500053039, 1: 6.0}]",0.2788586168638357,0.0,0.9005627632141113
332,"[{0: 1.4199100789322512, 1: 2.0}]",5.268096316893339,0.0,0.27802419662475586
333,"[{0: 1.4162366780726927, 1: 2.0}]",0.6593339717414284,0.0,0.29546451568603516
334,"[{0: 2.6464607662334987, 1: 7.0}]",0.9942617547389725,0.0,1.0177807807922363
335,"[{0: 2.4494067556772148, 1: 6.0}]",0.009924334019670713,0.0,0.7980482578277588
336,"[{0: 2.646905525348885, 1: 7.0}]",2.6164176638117533,0.0,0.7943823337554932
337,"[{0: 2.449486411144389, 1: 6.0}]",1.599698979521677e-05,0.0,0.9091274738311768
338,"[{0: 2.2361822634543738, 1: 5.0}]",0.01307634422508913,0.0,0.9039463996887207
339,"[{0: 2.237469477503917, 1: 5.0}]",1.9698635552470563,0.0,0.7950365543365479
340,"[{0: 2.6465650396434417, 1: 7.0}]",1.299947409223725,0.0,1.0161280632019043
341,"[{0: 2.2365492294369695, 1: 5.0}]",0.23198465479785477,0.0,0.9081261157989502
342,"[{0: 1.7311968335702925, 1: 3.0}]",0.2625870005533651,0.0,0.580150842666626
343,"[{0: 1.4165936488229534, 1: 2.0}]",0.9132241255618114,0.0,0.2972404956817627
344,"[{0: 2.0029551160074544, 1: 4.0}]",5.6207449242992364,0.0,0.40777063369750977
345,"[{0: 2.450373906388473, 1: 6.0}]",1.1278711331756013,0.0,0.7985198497772217
346,"[{0: 1.7019397300971295, 1: 3.0}]",4.707256677517252,0.0,0.29651474952697754
347,"[{0: 1.4122571165834994, 1: 2.0}]",0.6114198502099071,0.0,0.26568007469177246
348,"[{0: 1.7331137024561418, 1: 3.0}]",0.40813590155593954,0.0,0.3898932933807373
349,"[{0: 1.418365556884543, 1: 2.0}]",2.789536465365064,0.0,0.2656729221343994
350,"[{0: 1.4201756939163483, 1: 2.0}]",5.7740634441580845,0.0,0.3764798641204834
351,"[{0: 1.4124218407556812, 1: 2.0}]",0.5129755139654933,0.0,0.796924352645874
352,"[{0: 2.646653065993943, 1: 7.0}]",1.5965664936626653,0.0,0.7953507900238037
353,"[{0: 2.0008653612500753, 1: 4.0}]",0.48048582016301217,0.0,0.7950844764709473
354,"[{0: 1.4139018443508753, 1: 2.0}]",0.01557548072967683,0.0,0.31473350524902344
355,"[{0: 1.003759606308696, 1: 1.0}]",0.588462436672755,0.0,0.29814672470092773
356,"[{0: 1.7318771831747544, 1: 3.0}]",0.010867177092000664,0.0,0.9058992862701416
357,"[{0: 1.7335320803745042, 1: 3.0}]",0.7932469920496836,0.0,0.6847379207611084
358,"[{0: 1.9983834897163295, 1: 4.0}]",1.6704247146408224,0.0,0.792625904083252
359,"[{0: 1.7310550983996593, 1: 3.0}]",0.35689658704998517,0.0,0.796776533126831
360,"[{0: 2.4505725244830256, 1: 6.0}]",1.6919268158828855,0.0,0.8009638786315918
361,"[{0: 1.413255490314444, 1: 2.0}]",0.14693297843477832,0.0,0.43837738037109375
362,"[{0: 1.7315539789353709, 1: 3.0}]",0.08893354470366985,0.0,0.8017845153808594
363,"[{0: 1.4164508298144374, 1: 2.0}]",0.8066711733792329,0.0,0.3603341579437256
364,"[{0: 2.6456961575067752, 1: 7.0}]",0.0059660390063928795,0.0,0.9042561054229736
365,"[{0: 2.237383873745732, 1: 5.0}]",1.736374522644178,0.0,0.6902885437011719
366,"[{0: 1.732977318098001, 1: 3.0}]",0.3100433762579675,0.0,0.686760663986206
367,"[{0: 1.698994737688827, 1: 3.0}]",4.486587214867067,0.0,0.3600919246673584
368,"[{0: 1.418085891919702, 1: 2.0}]",2.424970763627646,0.0,0.28069329261779785
369,"[{0: 1.7307520920147406, 1: 3.0}]",0.6068448432081832,0.0,0.6865189075469971
370,"[{0: 1.4134925941527012, 1: 2.0}]",0.0832479139217865,0.0,0.30098485946655273
371,"[{0: 2.236074259692668, 1: 5.0}]",0.00014549733973247465,0.0,0.7942190170288086
372,"[{0: 1.415889750666152, 1: 2.0}]",0.4522628136647839,0.0,0.3282749652862549
373,"[{0: 2.237303826047371, 1: 5.0}]",1.5313837164098432,0.0,0.9096558094024658
374,"[{0: 2.449800640103534, 1: 6.0}]",0.13935529566159977,0.0,0.6903481483459473
375,"[{0: 2.00006558034201, 1: 4.0}]",0.0027562115192319354,0.0,0.7984814643859863
376,"[{0: 1.9989792960050758, 1: 4.0}]",0.6665881906699296,0.0,0.6822724342346191
377,"[{0: 1.414198325749087, 1: 2.0}]",4.701442045446906e-05,0.0,0.42653918266296387
378,"[{0: 1.0088587920898844, 1: 1.0}]",3.231205083113625,0.0,0.32920193672180176
379,"[{0: 2.2360257057440758, 1: 5.0}]",0.0017885867638797778,0.0,0.9040052890777588
380,"[{0: 1.7334263081428445, 1: 3.0}]",0.6838808848357917,0.0,0.6844987869262695
381,"[{0: 1.7311360390860937, 1: 3.0}]",0.30127327177602525,0.0,5.287437915802002
382,"[{0: 1.0105382655371697, 1: 1.0}]",4.606697743554767,0.0,0.4103555679321289
383,"[{0: 1.4203973388734075, 1: 2.0}]",6.214256090874326,0.0,0.3446483612060547
384,"[{0: 1.0026351889243776, 1: 1.0}]",0.28136352968059114,0.0,0.32416868209838867
385,"[{0: 2.449504676697683, 1: 6.0}]",0.0002742411991895333,0.0,0.79366135597229
386,"[{0: 1.421606742610324, 1: 2.0}]",8.905372670369266,0.0,0.30943751335144043
387,"[{0: 1.7322186968689663, 1: 3.0}]",0.010167118941949745,0.0,0.7967593669891357
388,"[{0: 1.0092267025128945, 1: 1.0}]",3.5176701870939797,0.0,0.32807493209838867
389,"[{0: 1.7305992892997322, 1: 3.0}]",0.7578438053936761,0.0,0.7964267730712891
390,"[{0: 1.7340307933459316, 1: 3.0}]",1.4185246615246763,0.0,0.41982316970825195
391,"[{0: 1.9985734160669293, 1: 4.0}]",1.301332636385049,0.0,0.7937769889831543
392,"[{0: 2.6469576174334737, 1: 7.0}]",2.8580844377812977,0.0,1.0135788917541504
393,"[{0: 1.734757614090458, 1: 3.0}]",2.654438634251719,0.0,0.40526843070983887
394,"[{0: 2.6464697108868735, 1: 7.0}]",1.0130996752820776,0.0,0.9063055515289307
395,"[{0: 2.8236684654726254, 1: 8.0}]",0.2789723761795617,0.0,0.9084715843200684
396,"[{0: 2.449830576198799, 1: 6.0}]",0.16749034045679556,0.0,0.6856536865234375
397,"[{0: 2.236132939556049, 1: 5.0}]",0.004038782732961858,0.0,0.9085748195648193
398,"[{0: 1.4204547829528522, 1: 2.0}]",6.331014139741832,0.0,0.31459522247314453
399,"[{0: 2.2381542451010414, 1: 5.0}]",4.369064181501831,0.0,0.6876091957092285
400,"[{0: 1.0073576788461853, 1: 1.0}]",2.2273939038450874,0.0,0.3757779598236084
401,"[{0: 1.0156815003169715, 1: 1.0}]",10.357000081072776,0.0,0.29700446128845215
402,"[{0: 2.8270564441184214, 1: 8.0}]",0.0030439454361124814,0.0,1.1293354034423828
403,"[{0: 1.7335820343761057, 1: 3.0}]",0.8477248017604337,0.0,0.4211087226867676
404,"[{0: 2.236149754188455, 1: 5.0}]",0.006694849502908671,0.0,0.9045836925506592
405,"[{0: 1.9991719596965185, 1: 4.0}]",0.4388199776441216,0.0,0.6888258457183838
406,"[{0: 1.99814333451492, 1: 4.0}]",2.202829387615778,0.0,0.7970066070556641
407,"[{0: 1.999333031207093, 1: 4.0}]",0.28477334802018606,0.0,0.9012417793273926
408,"[{0: 1.4170099695975849, 1: 2.0}]",1.2617551094215371,0.0,0.2512383460998535
409,"[{0: 1.005035914731897, 1: 1.0}]",1.0349245139562784,0.0,0.283735990524292
410,"[{0: 1.7329849784116544, 1: 3.0}]",0.315195569217089,0.0,0.7913806438446045
411,"[{0: 1.3822317750759658, 1: 2.0}]",9.643728011403882,0.0,0.2327413558959961
412,"[{0: 1.0044533870674544, 1: 1.0}]",0.8079404086666384,0.0,0.2638053894042969
413,"[{0: 1.7330095484616015, 1: 3.0}]",0.33200792019826647,0.0,0.6866669654846191
414,"[{0: 1.9987929940136053, 1: 4.0}]",0.9318703943984071,0.0,0.6809813976287842
415,"[{0: 1.7303173955046462, 1: 3.0}]",1.0802551592448824,0.0,0.5794296264648438
416,"[{0: 1.7351532748409482, 1: 3.0}]",3.48955105410013,0.0,0.4336063861846924
417,"[{0: 2.2366138963550144, 1: 5.0}]",0.2985438753192687,0.0,0.7973423004150391
418,"[{0: 1.4194922878001994, 1: 2.0}]",4.519705056858472,0.0,0.2627396583557129
419,"[{0: 1.0004944171017731, 1: 1.0}]",0.0098413555979081,0.0,0.12278151512145996
420,"[{0: 2.4497709811365085, 1: 6.0}]",0.1140309775013241,0.0,0.6852893829345703
421,"[{0: 1.7316888291851995, 1: 3.0}]",0.0472192392936625,0.0,0.6836197376251221
422,"[{0: 1.999265822634028, 1: 4.0}]",0.345021800586501,0.0,0.6862354278564453
423,"[{0: 0.997773506921428, 1: 1.0}]",0.20499452511353228,0.0,0.297285795211792
424,"[{0: 1.9987771108725416, 1: 4.0}]",0.9565341730354733,0.0,0.6825284957885742
425,"[{0: 1.7320591630163802, 1: 3.0}]",2.5175113196974382e-05,0.0,0.5781502723693848
426,"[{0: 1.7307772996265116, 1: 3.0}]",0.5835416377635817,0.0,0.686105489730835
427,"[{0: 2.2382698878938805, 1: 5.0}]",4.867600894789257,0.0,0.6871292591094971
428,"[{0: 1.9996684951741364, 1: 4.0}]",0.07038602214895774,0.0,0.7941453456878662
429,"[{0: 1.730866975497489, 1: 3.0}]",0.5043315734972611,0.0,0.7957503795623779
430,"[{0: 1.731325358366133, 1: 3.0}]",0.18953723939118153,0.0,0.7930655479431152
431,"[{0: 2.645897666952431, 1: 7.0}]",0.04202024737085259,0.0,0.9097051620483398
432,"[{0: 1.9984409431481844, 1: 4.0}]",1.5451699516767585,0.0,1.014829397201538
433,"[{0: 2.0024261961062906, 1: 4.0}]",3.7967326466590863,0.0,0.4195740222930908
434,"[{0: 2.439626805103849, 1: 6.0}]",3.7505175377362643,0.0,0.6892147064208984
435,"[{0: 1.4143950142553796, 1: 2.0}]",0.005283165310115533,0.0,0.7981503009796143
436,"[{0: 1.4164183110930377, 1: 2.0}]",0.7833377592160581,0.0,0.26314783096313477
437,"[{0: 1.730124618676139, 1: 3.0}]",1.3054440838850958,0.0,0.9077563285827637
438,"[{0: 2.6460489693803035, 1: 7.0}]",0.17383960019702846,0.0,0.7933781147003174
439,"[{0: 2.23598855905199, 1: 5.0}]",0.0064518757605888715,0.0,0.901832103729248
440,"[{0: 1.7317981450645727, 1: 3.0}]",0.023010044374034377,0.0,0.7952251434326172
441,"[{0: 1.7313821297332004, 1: 3.000000000000002}]",0.16351137210854128,0.0,0.6867306232452393
442,"[{0: 1.4184387421152762, 1: 2.0}]",2.8891894880888067,0.0,0.35740232467651367
443,"[{0: 2.2360024885232144, 1: 5.0}]",0.005064387580827429,0.0,0.9049644470214844
444,"[{0: 1.999023802027871, 1: 4.0}]",0.6097653888807896,0.0,0.9012422561645508
445,"[{0: 2.2370866310301722, 1: 5.0}]",1.040111973186289,0.0,0.9008948802947998
446,"[{0: 2.449748485706679, 1: 6.0}]",0.09651587635612427,0.0,0.6855230331420898
447,"[{0: 2.4506532034576685, 1: 6.0}]",2.203985396436171,0.0,0.6870801448822021
448,"[{0: 1.7307812826517428, 1: 3.0}]",0.57990117322401,0.0,0.7928545475006104
449,"[{0: 1.01289822151401, 1: 1.0}]",6.949383724089705,0.0,0.4232661724090576
450,"[{0: 2.0014890593392947, 1: 4.0}]",1.4240178755125084,0.0,0.454667329788208
451,"[{0: 1.7307648405804252, 1: 3.0}]",0.5950025229471769,0.0,0.6875598430633545
452,"[{0: 2.237109423193957, 1: 5.0}]",1.0872104789793615,0.0,0.7988669872283936
453,"[{0: 1.7329388748214984, 1: 3.0}]",0.2848292416209892,0.0,0.6825418472290039
454,"[{0: 2.646916985007789, 1: 7.0}]",2.668664624129476,0.0,0.900925874710083
455,"[{0: 1.4133455129052428, 1: 2.0}]",0.12064094155180834,0.0,0.31127333641052246
456,"[{0: 2.0013361575752264, 1: 4.0}]",1.1463238348903089,0.0,0.35645222663879395
457,"[{0: 2.0000348558266428, 1: 4.0}]",0.0007785669519106386,0.0,0.8014190196990967
458,"[{0: 2.4248609407281156, 1: 6.0}]",4.339709943779198,0.0,0.4547865390777588
459,"[{0: 1.7321969600677787, 1: 3.0}]",0.007704563276390024,0.0,0.9065730571746826
460,"[{0: 1.7108528515339028, 1: 3.0}]",7.224789164153236,0.0,0.3288419246673584
461,"[{0: 1.4208790253400585, 1: 2.0}]",7.227424855186192,0.0,0.29608631134033203
462,"[{0: 1.7318003076408663, 1: 3.0}]",0.02261792190206237,0.0,0.6882593631744385
463,"[{0: 2.2375431413772753, 1: 5.0}]",2.182595912861247,0.0,0.9117093086242676
464,"[{0: 1.4218038772422712, 1: 2.0}]",9.390519426042387,0.0,0.3263511657714844
465,"[{0: 1.731682306241878, 1: 3.0}]",0.04893582602431092,0.0,0.7940020561218262
466,"[{0: 2.0003084289858326, 1: 4.0}]",0.060986487219820196,0.0,0.7958118915557861
467,"[{0: 2.236412208845073, 1: 5.0}]",0.11866846690907565,0.0,0.9018232822418213
468,"[{0: 1.9996000357023842, 1: 4.0}]",0.1024482625019711,0.0,0.6908586025238037
469,"[{0: 1.4120811873714014, 1: 2.0}]",0.7260542257821601,0.0,0.2635014057159424
470,"[{0: 1.0018762263167937, 1: 1.0}]",0.14407420658462874,0.0,0.1405653953552246
471,"[{0: 1.9995351034562536, 1: 4.0}]",0.13839885838240512,0.0,0.6889379024505615
472,"[{0: 2.236106269050786, 1: 5.0}]",0.0014677844786853925,0.0,0.9032416343688965
473,"[{0: 1.7311388724602232, 1: 3.0}]",0.29941132927537406,0.0,0.6884503364562988
474,"[{0: 2.450773935628074, 1: 6.0}]",2.3804950307539205,0.0,0.8038880825042725
475,"[{0: 2.4502139469995368, 1: 6.0}]",0.7565389537177609,0.0,0.8997149467468262
476,"[{0: 1.9985512395188214, 1: 4.0}]",1.342061454950362,0.0,0.7950558662414551
477,"[{0: 2.0013723338747877, 1: 4.0}]",1.2093028670289125,0.0,0.6880049705505371
478,"[{0: 2.0013900951851737, 1: 4.0}]",1.2408409920202457,0.0,0.6851425170898438
479,"[{0: 1.7363490212761181, 1: 3.0}]",6.711630260919705,0.0,0.6886820793151855
480,"[{0: 1.411958483847503, 1: 2.0}]",0.8118059484042142,0.0,0.5785465240478516
481,"[{0: 1.7316508007686877, 1: 3.0}]",0.05765804105468535,0.0,0.6875624656677246
482,"[{0: 1.7143767551818319, 1: 3.0}]",6.419471724728588,0.0,0.3755955696105957
483,"[{0: 2.6468803420561233, 1: 7.0}]",2.503418876981666,0.0,0.9114847183227539
484,"[{0: 2.2372035482042167, 1: 5.0}]",1.3126406696010058,0.0,0.802147388458252
485,"[{0: 2.2373924613693235, 1: 5.0}]",1.7591321401733904,0.0,0.7937946319580078
486,"[{0: 1.4128442931745113, 1: 2.0}]",0.299862498708085,0.0,0.6833102703094482
487,"[{0: 1.0076505076981572, 1: 1.0}]",2.407644260464568,0.0,0.32741808891296387
488,"[{0: 1.0021143774829062, 1: 1.0}]",0.18085659857016959,0.0,0.40308427810668945
489,"[{0: 1.4137411533868742, 1: 2.0}]",0.03576070794411599,0.0,0.7943687438964844
490,"[{0: 1.0133698900650958, 1: 1.0}]",7.477358860578308,0.0,0.5753955841064453
491,"[{0: 1.73089841462582, 1: 3.0}]",0.477926125494898,0.0,0.8039529323577881
492,"[{0: 2.4494273897519805, 1: 6.0}]",0.005602814542625015,0.0,1.021409034729004
493,"[{0: 2.646898717600679, 1: 7.0}]",2.5856246077394425,0.0,1.0152325630187988
494,"[{0: 1.7312370527808856, 1: 3.0}]",0.23845216672764843,0.0,0.9056539535522461
495,"[{0: 1.4216309614395435, 1: 2.0}]",8.96427105676392,0.0,0.2949988842010498
496,"[{0: 2.6470575533584197, 1: 7.0}]",3.3516351664850172,0.0,0.7960836887359619
497,"[{0: 2.6458060683260913, 1: 7.0}]",0.005881343785503118,0.0,0.912276029586792
498,"[{0: 1.4136305529219428, 1: 2.0}]",0.05445267779635628,0.0,0.3326237201690674
499,"[{0: 1.9997058272604569, 1: 4.0}]",0.05542884949985772,0.0,0.9036448001861572
500,"[{0: 1.7328255305858369, 1: 3.0}]",0.21672090627677834,0.0,0.6851849555969238
501,"[{0: 1.9996719505275125, 1: 4.0}]",0.06892672577283214,0.0,0.6853156089782715
502,"[{0: 1.999528600426975, 1: 4.0}]",0.14229643144939477,0.0,0.908785343170166
503,"[{0: 1.0164455572682831, 1: 1.0}]",11.428560779123757,0.0,0.2955894470214844
504,"[{0: 1.9988922887266245, 1: 4.0}]",0.7849725671340736,0.0,0.6884181499481201
505,"[{0: 2.237263067868745, 1: 5.0}]",1.4319613368173598,0.0,0.6823809146881104
506,"[{0: 1.9981267620466256, 1: 4.0}]",2.242273761892507,0.0,1.0204315185546875
507,"[{0: 2.001103620045702, 1: 4.0}]",0.7817715193969461,0.0,0.3784971237182617
508,"[{0: 2.6328151392827857, 1: 7.0}]",2.5769674879062934,0.0,0.7950866222381592
509,"[{0: 1.0032184750786222, 1: 1.0}]",0.42265386077706507,0.0,0.3738703727722168
510,"[{0: 1.4137841662473196, 1: 2.0}]",0.029547832067064444,0.0,0.5756771564483643
511,"[{0: 1.0103216340973855, 1: 1.0}]",4.416410705778675,0.0,0.35692453384399414
512,"[{0: 2.646246681257405, 1: 6.9999999999999885}]",0.49618352650009834,0.0,1.0127556324005127
513,"[{0: 2.450157773137029, 1: 6.0}]",0.6436825473693402,0.0,0.6863722801208496
514,"[{0: 1.9997218741136038, 1: 4.0}]",0.049547789678264294,0.0,0.9023025035858154
515,"[{0: 1.9993864965764139, 1: 4.0}]",0.24096674112728889,0.0,0.5760483741760254
516,"[{0: 1.0161664235674186, 1: 1.0}]",10.992733107673528,0.0,0.2966787815093994
517,"[{0: 1.7361351943797372, 1: 3.0}]",6.0471915799486355,0.0,0.4084639549255371
518,"[{0: 1.006549591357339, 1: 1.0}]",1.758215860959132,0.0,0.26505374908447266
519,"[{0: 1.4203348630950983, 1: 2.0}]",6.088520234766477,0.0,0.2811262607574463
520,"[{0: 1.416440433724206, 1: 2.0}]",0.7991741717360881,0.0,0.2321932315826416
521,"[{0: 2.0002465911631817, 1: 4.0}]",0.03897966200534898,0.0,0.6854467391967773
522,"[{0: 1.413496905025517, 1: 2.0}]",0.08225611584702211,0.0,0.6860907077789307
523,"[{0: 1.0059452709144263, 1: 1.0}]",1.4463412138350884,0.0,0.2979090213775635
524,"[{0: 1.4172845104123384, 1: 2.0}]",1.52254890891522,0.0,0.2656726837158203
525,"[{0: 1.4121537232292134, 1: 2.0}]",0.6776029714499632,0.0,0.308823823928833
526,"[{0: 2.236122596400728, 1: 5.0}]",0.0016294492955216601,0.0,1.1286711692810059
527,"[{0: 2.4504682868079617, 1: 6.0}]",1.3816724705426695,0.0,0.7951407432556152
528,"[{0: 2.6461612322881223, 1: 7.0}]",0.32973779833513756,0.0,1.009315013885498
529,"[{0: 2.0012978988724934, 1: 4.0}]",1.0815554763343918,0.0,0.46962475776672363
530,"[{0: 1.7171427840590476, 1: 3.0}]",5.993827523790644,0.0,0.2933986186981201
531,"[{0: 1.9982150023673837, 1: 4.0}]",2.0362706731693927,0.0,0.8038313388824463
532,"[{0: 1.7337059086471014, 1: 3.0}]",0.9906446341319269,0.0,0.44979405403137207
533,"[{0: 1.7352323082673489, 1: 3.0}]",3.670104922428947,0.0,0.3306729793548584
534,"[{0: 1.4173233431706258, 1: 2.0}]",1.5614264140043774,0.0,0.24728131294250488
535,"[{0: 1.3812142811726684, 1: 2.0}]",0.5971772120599028,0.0,0.18510079383850098
536,"[{0: 1.4132919373634931, 1: 2.0}]",0.1359768500815173,0.0,0.6857118606567383
537,"[{0: 1.7358952603635676, 1: 3.0}]",5.365136728215925,0.0,0.45043325424194336
538,"[{0: 2.236217394778974, 1: 5.0}]",0.021581990634695014,0.0,0.7934119701385498
539,"[{0: 1.014664817273174, 1: 1.0}]",9.030424645696428,0.0,0.3285367488861084
540,"[{0: 1.4177606230400916, 1: 2.0}]",2.0375173966087057,0.0,0.4212195873260498
541,"[{0: 2.450111719865368, 1: 6.0}]",0.5579607250393425,0.0,0.6844534873962402
542,"[{0: 1.4199217628283578, 1: 2.0}]",5.28985937281,0.0,0.2508716583251953
543,"[{0: 1.7343831594443773, 1: 3.0}]",1.9695426159305631,0.0,0.6887526512145996
544,"[{0: 2.000115120350713, 1: 4.0}]",0.008493792387124338,0.0,0.9055438041687012
545,"[{0: 1.4170487426632397, 1: 2.0}]",1.2970932794025207,0.0,0.31302618980407715
546,"[{0: 1.0132310077304991, 1: 1.0}]",7.319813389784402,0.0,0.2636418342590332
547,"[{0: 1.9999932598039893, 1: 4.0}]",2.911140265826452e-05,0.0,0.8004031181335449
548,"[{0: 1.7325837319364341, 1: 3.0}]",0.10250788200521825,0.0,0.6872742176055908
549,"[{0: 1.7306359486030571, 1: 3.0}]",0.720092950047353,0.0,0.5815796852111816
550,"[{0: 2.450910252357978, 1: 6.0}]",2.917730945216023,0.0,0.6882462501525879
551,"[{0: 0.99934270647682, 1: 1.0}]",0.0183646945848217,0.0,0.40595269203186035
552,"[{0: 2.2369279769871806, 1: 5.0}]",0.7333194860833456,0.0,0.798609733581543
553,"[{0: 2.000190706705383, 1: 4.0}]",0.02331195269261628,0.0,0.6875748634338379
554,"[{0: 1.4159765161186457, 1: 2.0}]",0.5003884372587034,0.0,0.25083327293395996
555,"[{0: 2.2370484913416853, 1: 5.0}]",0.9636345532173063,0.0,0.7999992370605469
556,"[{0: 1.4126002394260855, 1: 2.0}]",0.4160661993349581,0.0,0.43534159660339355
557,"[{0: 2.001091271459866, 1: 4.0}]",0.7643605153124909,0.0,0.5783731937408447
558,"[{0: 1.0126369050952788, 1: 1.0}]",6.665493080755324,0.0,0.29790401458740234
559,"[{0: 2.0022594092870105, 1: 4.0}]",3.2823302942961172,0.0,0.690380334854126
560,"[{0: 1.4136344244013885, 1: 2.0}]",0.053732332474026624,0.0,0.684370756149292
561,"[{0: 2.4508542874221697, 1: 6.0}]",2.6879734750087834,0.0,0.7991857528686523
562,"[{0: 1.0104078347671377, 1: 1.0}]",4.4916333761922465,0.0,0.360858678817749
563,"[{0: 1.9824860459397433, 1: 4.0}]",4.424997847478481,0.0,0.4706132411956787
564,"[{0: 2.00055048805395, 1: 4.0}]",0.19434643230176415,0.0,0.797156572341919
565,"[{0: 2.449671773760827, 1: 6.0}]",0.04776528991182122,0.0,0.790428638458252
566,"[{0: 2.2380036129879506, 1: 5.0}]",3.760173684408021,0.0,0.6855189800262451
567,"[{0: 2.2379273682238368, 1: 5.0}]",3.469426630861944,0.0,0.9085471630096436
568,"[{0: 2.2361244944096446, 1: 5.0}]",0.003197597554112387,0.0,0.9102237224578857
569,"[{0: 1.9994975019201462, 1: 4.0}]",0.16168294319188586,0.0,0.7993819713592529
570,"[{0: 1.732617303444534, 1: 3.0}]",0.11583638381441595,0.0,0.683546781539917
571,"[{0: 2.0000637389524822, 1: 4.0}]",0.0026035974435303978,0.0,1.017035722732544
572,"[{0: 1.9995597393319064, 1: 4.0}]",0.12412397864755029,0.0,0.6827154159545898
573,"[{0: 1.9994683506033926, 1: 4.0}]",0.18097853363443792,0.0,0.7939388751983643
574,"[{0: 2.6466790798873685, 1: 7.0}]",1.6849003806170153,0.0,0.9060511589050293
575,"[{0: 1.4126223797319069, 1: 2.0}]",0.40192181275110705,0.0,0.419478178024292
576,"[{0: 1.4186718898096327, 1: 2.0}]",3.2184255209634642,0.0,0.45055413246154785
577,"[{0: 1.7311503219924105, 1: 3.0}]",0.29194597084352913,0.0,1.120410442352295
578,"[{0: 1.9998434700312364, 1: 3.9999999999999973}]",0.014859674555535971,0.0,1.0173969268798828
579,"[{0: 1.7304080780370237, 1: 3.0}]",0.9703380021111045,0.0,0.9091720581054688
580,"[{0: 1.7317992213671083, 1: 2.999999999999997}]",0.023113003256764096,0.0,0.7911379337310791
581,"[{0: 2.45042525590888, 1: 6.0}]",1.2627613133150333,0.0,0.9087786674499512
582,"[{0: 1.7358784155429816, 1: 3.0}]",5.318069352121088,0.0,0.41722941398620605
583,"[{0: 1.9992331533703938, 1: 4.0}]",0.37639193539205773,0.0,0.7931132316589355
584,"[{0: 1.7330850580869996, 1: 3.0}]",0.3864151555595573,0.0,0.7930614948272705
585,"[{0: 1.7331300754004593, 1: 3.0}]",0.4208185974103687,0.0,0.43440890312194824
586,"[{0: 2.0024851363824836, 1: 4.0}]",3.9722785691873317,0.0,0.6899244785308838
587,"[{0: 2.450406552616592, 1: 6.0}]",1.2127466498298212,0.0,0.7984061241149902
588,"[{0: 1.371865217077655, 1: 2.0}]",2.0894798062344124,0.0,0.23444890975952148
589,"[{0: 1.4186040575155652, 1: 2.0}]",3.120788344586775,0.0,0.29822850227355957
590,"[{0: 2.6466385659199823, 1: 7.0}]",1.5456088455563899,0.0,0.7948501110076904
591,"[{0: 1.4120238090991748, 1: 2.0}]",0.7655603466492666,0.0,0.402660608291626
592,"[{0: 2.000139261510245, 1: 4.0}]",0.012430120743570689,0.0,0.8980634212493896
593,"[{0: 2.237956600009308, 1: 5.0}]",3.5795111571410683,0.0,0.9053335189819336
594,"[{0: 2.001821989285644, 1: 4.0}]",2.1325947123623874,0.0,0.4192354679107666
595,"[{0: 2.2365027134955566, 1: 5.0}]",0.18929467478072304,0.0,0.7959883213043213
596,"[{0: 1.4172074752226707, 1: 2.0}]",1.4468846077514255,0.0,0.3121495246887207
597,"[{0: 1.999864006595897, 1: 4.0}]",0.011848671885915544,0.0,0.903784990310669
598,"[{0: 1.7334634432274865, 1: 3.0}]",0.7213518115959845,0.0,0.7990405559539795
599,"[{0: 2.2369520340299753, 1: 5.0}]",0.7832652035329033,0.0,0.7997481822967529
600,"[{0: 1.4101648374455567, 1: 2.0}]",0.5891456158775826,0.0,0.20275402069091797
601,"[{0: 2.2352051271645794, 1: 5.0}]",1.2582991282482752,0.0,0.6848585605621338
602,"[{0: 1.4204829264935803, 1: 2.0}]",6.388619139983544,0.0,0.436326265335083
603,"[{0: 1.4134761437575678, 1: 2.0}]",0.08708716893089584,0.0,0.4493694305419922
604,"[{0: 1.4164327246822384, 1: 2.0}]",0.7936376043875136,0.0,0.2648477554321289
605,"[{0: 1.4160003744349998, 1: 2.0}]",0.5140491764847187,0.0,0.28160595893859863
606,"[{0: 2.450153447501335, 1: 6.0}]",0.6400582513444903,0.0,0.9041037559509277
607,"[{0: 1.4144261238277163, 1: 2.0}]",0.007250515498087097,0.0,0.7968869209289551
608,"[{0: 2.6460476584328996, 1: 7.0}]",0.17231146822203233,0.0,0.9052257537841797
609,"[{0: 2.6467237710156066, 1: 6.999999999999964}]",1.8597288277448099,0.0,1.118062973022461
610,"[{0: 2.2358048250582048, 1: 5.0}]",0.00407340525418191,0.0,0.7962350845336914
611,"[{0: 1.414569833986891, 1: 2.0}]",7.450183705564986,0.0,0.17205166816711426
612,"[{0: 1.7365930273076298, 1: 3.0}]",7.498445671486473,0.0,0.4716832637786865
613,"[{0: 1.9986557856407146, 1: 4.0}]",1.1555383692972772,0.0,0.7916641235351562
614,"[{0: 1.4142584458975025, 1: 2.0}]",0.00032316145100729117,0.0,0.7965717315673828
615,"[{0: 1.016039438813337, 1: 1.0}]",10.846656703599276,0.0,0.31444239616394043
616,"[{0: 2.2130283244293953, 1: 5.0}]",5.020967208604272,0.0,0.6845858097076416
617,"[{0: 1.9986138283014385, 1: 4.0}]",1.2287231469738586,0.0,0.688040018081665
618,"[{0: 1.9981998129358327, 1: 4.0}]",2.07102621700209,0.0,0.7942512035369873
619,"[{0: 1.4135402312944954, 1: 2.0}]",0.07261766318830787,0.0,0.2798786163330078
620,"[{0: 2.238310344230739, 1: 5.0}]",5.048385367292188,0.0,0.7949566841125488
621,"[{0: 1.4137289870756071, 1: 2.0}]",0.037625402909222755,0.0,0.3733348846435547
622,"[{0: 1.4169388090170996, 1: 2.0}]",1.1981757465053176,0.0,0.31195712089538574
623,"[{0: 2.6466415967820924, 1: 7.0}]",1.5561918526117302,0.0,1.1263186931610107
624,"[{0: 1.4121326562653818, 1: 2.0}]",0.6915033035441438,0.0,0.41977810859680176
625,"[{0: 1.4179487690254198, 1: 2.0}]",2.2556167760998123,0.0,0.3706209659576416
626,"[{0: 1.0022842474880933, 1: 1.0}]",0.36806090361956223,0.0,0.36423587799072266
627,"[{0: 2.6466812909129165, 1: 7.0}]",1.6981299769156835,0.0,0.9058611392974854
628,"[{0: 1.9995427205502863, 1: 4.0}]",0.13390235046392002,0.0,0.8010902404785156
629,"[{0: 2.237077239719839, 1: 5.0}]",1.0210092405081863,0.0,0.9080381393432617
630,"[{0: 2.4501118113118108, 1: 6.0}]",0.5581248686490112,0.0,0.795691967010498
631,"[{0: 1.4141431346965163, 1: 2.0}]",0.0007954745651970442,0.0,0.3092508316040039
632,"[{0: 1.7302295480897796, 1: 3.0}]",1.1923405283134767,0.0,0.8017709255218506
633,"[{0: 1.7327242047597318, 1: 3.0}]",0.16370962834356143,0.0,0.6863341331481934
634,"[{0: 1.0032384527257667, 1: 1.0}]",0.4292112127467901,0.0,0.32520318031311035
635,"[{0: 2.002163671653546, 1: 4.0}]",3.009628658531463,0.0,0.4030787944793701
636,"[{0: 2.6465045267134433, 1: 7.0}]",1.1137187611643833,0.0,0.9073011875152588
637,"[{0: 1.0065709480125442, 1: 1.0}]",1.755120540914522,0.0,0.28206300735473633
638,"[{0: 1.7340340912929955, 1: 3.0}]",1.4232622801729677,0.0,0.4215726852416992
639,"[{0: 1.4179464979377308, 1: 2.0}]",2.252863868942069,0.0,0.43546032905578613
640,"[{0: 1.4201473772151465, 1: 2.0}]",5.719004937782705,0.0,0.2653195858001709
641,"[{0: 2.2360326827230415, 1: 5.0}]",0.0012989093124578636,0.0,1.016329288482666
642,"[{0: 1.73183402138831, 1: 3.0}]",0.01694049152172262,0.0,0.6855990886688232
643,"[{0: 1.7317646949477004, 1: 3.0}]",0.029504262116993914,0.0,0.7951474189758301
644,"[{0: 2.4496523239857204, 1: 6.0}]",0.03810231336525116,0.0,0.9026987552642822
645,"[{0: 1.4164089073319628, 1: 2.0}]",0.7766543402968908,0.0,0.2805914878845215
646,"[{0: 2.0003251181047865, 1: 4.0}]",0.06776671247535425,0.0,0.6850237846374512
647,"[{0: 1.7306055721444222, 1: 3.0}]",0.7513055770633067,0.0,0.9034509658813477
648,"[{0: 2.2372043217360718, 1: 5.0}]",1.2945398811585604,0.0,1.0140643119812012
649,"[{0: 1.9992118003376154, 1: 4.0}]",0.41557428872383767,0.0,0.7954440116882324
650,"[{0: 1.9991102866597477, 1: 4.0}]",0.5065746892178812,0.0,0.6876165866851807
651,"[{0: 1.7327475298338337, 1: 3.0}]",0.17525424129021253,0.0,0.7942698001861572
652,"[{0: 1.9992644054451498, 1: 4.0}]",0.3463543473841037,0.0,0.7940762042999268
653,"[{0: 1.4177445483471172, 1: 2.0}]",2.0148401681506862,0.0,0.3293650150299072
654,"[{0: 1.0048751825095288, 1: 1.0}]",0.9670947784784311,0.0,0.26517438888549805
655,"[{0: 1.416406559635979, 1: 2.0}]",0.7749902654925196,0.0,0.40236878395080566
656,"[{0: 1.7335739700783543, 1: 3.0}]",0.8388074331019694,0.0,0.6867570877075195
657,"[{0: 1.7313550334995407, 1: 3.0}]",0.17435696949963478,0.0,0.6925785541534424
658,"[{0: 1.7310365333667297, 1: 3.0}]",0.37031745629844365,0.0,0.40697240829467773
659,"[{0: 2.6467328752135613, 1: 7.0}]",1.891849597118619,0.0,0.9148919582366943
660,"[{0: 2.0002931874838503, 1: 4.0}]",0.055106671510920344,0.0,0.5806102752685547
661,"[{0: 2.000185210954827, 1: 4.0}]",0.021987527447651218,0.0,0.6839745044708252
662,"[{0: 0.9982163920110689, 1: 1.0}]",0.1272058360846358,0.0,0.32950472831726074
663,"[{0: 1.0073417670450449, 1: 1.0}]",2.2147882237436134,0.0,0.3117523193359375
664,"[{0: 2.0008941312185895, 1: 4.0}]",0.5129876372854772,0.0,1.1261556148529053
665,"[{0: 2.000917426220934, 1: 4.0}]",0.5400846565488845,0.0,0.43785810470581055
666,"[{0: 2.4502382502650555, 1: 5.999999999999999}]",0.7713572483517076,0.0,0.6846935749053955
667,"[{0: 1.413703845521685, 1: 2.0}]",0.04162875921183098,0.0,0.31363916397094727
668,"[{0: 1.0025112758004842, 1: 1.0}]",0.2576864515397389,0.0,0.2481691837310791
669,"[{0: 2.002172396031202, 1: 4.0}]",3.033988134765827,0.0,0.5757863521575928
670,"[{0: 1.4213281699531983, 1: 2.0}]",8.242069672299403,0.0,0.26624417304992676
671,"[{0: 1.0002174964263792, 1: 1.0}]",0.001902885744657926,0.0,0.31220054626464844
672,"[{0: 2.4495239705912892, 1: 6.0}]",0.0016884983364819641,0.0,1.1227922439575195
673,"[{0: 1.0017699734984895, 1: 1.0}]",0.1266065931279467,0.0,0.40290117263793945
674,"[{0: 1.7303982673032006, 1: 3.0}]",0.9819460677478425,0.0,0.7965209484100342
675,"[{0: 1.7225993053665518, 1: 3.0}]",0.059613055354706235,0.0,0.4359118938446045
676,"[{0: 1.4133662617600626, 1: 2.0}]",0.11494760054090061,0.0,0.3903036117553711
677,"[{0: 1.734719657163332, 1: 3.0}]",2.5803461745685947,0.0,0.6865386962890625
678,"[{0: 2.449644109567395, 1: 6.0}]",0.03434899451501435,0.0,0.7940020561218262
679,"[{0: 1.4133677290863538, 1: 2.0}]",0.11455017671551757,0.0,0.7929847240447998
680,"[{0: 1.9981709859679087, 1: 4.0}]",2.1377928515762656,0.0,1.128469705581665
681,"[{0: 1.3705488097856244, 1: 2.0}]",6.318697481021624,0.0,0.25031089782714844
682,"[{0: 1.9990064737075386, 1: 4.0}]",0.6315887897644253,0.0,0.7948033809661865
683,"[{0: 1.4179658673126294, 1: 2.0}]",2.276396918128739,0.0,0.34070611000061035
684,"[{0: 1.7322431828828502, 1: 3.0}]",0.013349621338442415,0.0,1.0143556594848633
685,"[{0: 2.2272114237375087, 1: 5.0}]",0.4560239967381841,0.0,0.8011643886566162
686,"[{0: 1.9997035727490573, 1: 4.0}]",0.0562815186955871,0.0,0.9042153358459473
687,"[{0: 1.412798838717101, 1: 2.0}]",0.32007066203420637,0.0,0.6883912086486816
688,"[{0: 1.0019162516653257, 1: 1.0}]",0.15274518512536775,0.0,0.3230435848236084
689,"[{0: 1.001232167623291, 1: 1.0}]",0.06330605222084959,0.0,0.18685674667358398
690,"[{0: 2.2360228027095035, 1: 5.0}]",0.0005754240262200943,0.0,0.9059855937957764
691,"[{0: 2.0014131543009355, 1: 4.0}]",1.2823932509644962,0.0,0.6876828670501709
692,"[{0: 1.9994444933382844, 1: 4.0}]",0.19757838223189236,0.0,15.254960060119629
693,"[{0: 1.4120491726313327, 1: 2.0}]",0.7479685607415374,0.0,0.4507160186767578
694,"[{0: 1.733452931986332, 1: 3.0}]",0.7106438622482784,0.0,0.7941882610321045
695,"[{0: 1.0094243909457044, 1: 1.0}]",3.679848703716305,0.0,0.2852051258087158
696,"[{0: 2.6469771647989355, 1: 7.0}]",2.90744122101858,0.0,0.9078607559204102
697,"[{0: 2.2366889131353975, 1: 5.0}]",0.38626802874541233,0.0,1.0123586654663086
698,"[{0: 2.4494182840329053, 1: 6.0}]",0.004195841338715193,0.0,0.8995072841644287
699,"[{0: 1.417641006123283, 1: 2.0}]",1.8979914379382898,0.0,0.5764164924621582
700,"[{0: 2.238038934570193, 1: 5.0}]",3.898841984831734,0.0,0.7952485084533691
701,"[{0: 2.2376421851083754, 1: 5.0}]",2.4858473246623474,0.0,0.796560525894165
702,"[{0: 1.7321504065331061, 1: 3.0}]",0.0035777517606857116,0.0,0.794020414352417
703,"[{0: 1.9993117768382294, 1: 4.0}]",0.3032026856320542,0.0,0.7938928604125977
704,"[{0: 1.9994386334894314, 1: 4.0}]",0.20176696807174993,0.0,0.4495706558227539
705,"[{0: 2.4495465222247708, 1: 6.0}]",0.004646614806527001,0.0,1.017033338546753
706,"[{0: 2.450344173622158, 1: 6.0}]",1.0532518658269334,0.0,0.7982361316680908
707,"[{0: 1.7152996542282388, 1: 3.0}]",0.8028655781687881,0.0,0.3415663242340088
708,"[{0: 1.4126072724896415, 1: 2.0}]",0.4124526865210158,0.0,0.6835286617279053
709,"[{0: 2.646271188847708, 1: 7.0}]",0.5599597773362386,0.0,1.0186071395874023
710,"[{0: 1.0132844749441703, 1: 1.0}]",7.38309686415775,0.0,0.1254279613494873
711,"[{0: 1.9995728863420583, 1: 4.0}]",0.11682381515346996,0.0,0.9058144092559814
712,"[{0: 2.4379752380176574, 1: 6.0}]",0.6746356568627137,0.0,0.7963721752166748
713,"[{0: 2.2360383060956535, 1: 5.0}]",0.0008812375495379976,0.0,0.903573751449585
714,"[{0: 2.816160842926379, 1: 8.0}]",1.7780812970818944,0.0,1.0130269527435303
715,"[{0: 1.7356152751547396, 1: 3.0}]",4.609895331369188,0.0,0.389188289642334
716,"[{0: 1.7334960513628845, 1: 3.0}]",0.7550809352153234,0.0,0.46649646759033203
717,"[{0: 1.0110895155371449, 1: 1.0}]",5.109590414597858,0.0,0.3617863655090332
718,"[{0: 2.002533764075977, 1: 4.0}]",4.12955457351606,0.0,0.45267248153686523
719,"[{0: 1.4168710592338363, 1: 2.0}]",1.1391796109746628,0.0,0.3606984615325928
720,"[{0: 1.7320796050123959, 1: 3.0}]",0.0004382860924952946,0.0,0.6842319965362549
721,"[{0: 2.450376168620715, 1: 6.0}]",1.1336532136868003,0.0,1.0190412998199463
722,"[{0: 1.9992258495112096, 1: 4.0}]",0.3835917979636123,0.0,0.5748789310455322
723,"[{0: 1.4158066642582026, 1: 2.0}]",0.40846611246376757,0.0,0.3409004211425781
724,"[{0: 1.73575087300279, 1: 3.0}]",4.968465095498939,0.0,0.3903203010559082
725,"[{0: 2.646287863178558, 1: 7.0}]",0.565007308304422,0.0,0.7980828285217285
726,"[{0: 1.0054972636984019, 1: 1.0}]",1.2376148755035115,0.0,0.29337620735168457
727,"[{0: 1.001806286596962, 1: 1.0}]",0.12822536992579822,0.0,0.36191773414611816
728,"[{0: 1.415482829880172, 1: 2.0}]",0.2591061124380926,0.0,0.29592013359069824
729,"[{0: 1.731891660458323, 1: 3.0}]",0.009130691152496222,0.0,0.9069781303405762
730,"[{0: 1.4136899396144742, 1: 2.0}]",0.043929849687140615,0.0,0.2939736843109131
731,"[{0: 2.6464490134581875, 1: 7.000000000000001}]",0.6844166443025059,0.0,1.0167856216430664
732,"[{0: 1.7316783561187823, 1: 3.0}]",0.049990235368077444,0.0,0.7961149215698242
733,"[{0: 2.0003952262327482, 1: 4.0}]",0.10015468288411525,0.0,0.4519932270050049
734,"[{0: 1.415780102543021, 1: 2.0}]",0.3949367908229762,0.0,0.34310030937194824
735,"[{0: 2.003024740616634, 1: 4.0}]",5.889336194267323,0.0,0.4389984607696533
736,"[{0: 2.0000803559162192, 1: 4.0}]",0.0041381908979989035,0.0,0.793060302734375
737,"[{0: 1.9985251249992837, 1: 4.0}]",1.3908254910706943,0.0,0.8013782501220703
738,"[{0: 1.9985743868457349, 1: 4.0}]",1.2995640379267384,0.0,0.7972023487091064
739,"[{0: 2.236694035391505, 1: 5.0}]",0.39266992932897105,0.0,0.9038333892822266
740,"[{0: 2.645930952274934, 1: 7.0}]",0.06330915764214765,0.0,0.7940115928649902
741,"[{0: 2.236012907715194, 1: 5.0}]",0.0037212215491991157,0.0,0.7965540885925293
742,"[{0: 2.236059443581072, 1: 5.0}]",7.549599885580697e-05,0.0,1.0127918720245361
743,"[{0: 0.9985827263421998, 1: 1.0}]",0.08040665348163786,0.0,0.4075932502746582
744,"[{0: 1.0077031769172071, 1: 1.0}]",2.4408279404800752,0.0,0.1358489990234375
745,"[{0: 1.4169605467968585, 1: 2.0}]",1.2174222987098422,0.0,0.3731381893157959
746,"[{0: 1.7309951794460512, 1: 3.0}]",0.40110145826291294,0.0,0.7929863929748535
747,"[{0: 1.412967891130722, 1: 2.0}]",0.24823620353834155,0.0,0.7943923473358154
748,"[{0: 1.413165208762216, 1: 2.0}]",0.1758957875647786,0.0,0.45232582092285156
749,"[{0: 1.998630446748911, 1: 4.0}]",1.1994679664300496,0.0,0.7989363670349121
750,"[{0: 2.64596048074385, 1: 7.0}]",0.08583542945230295,0.0,1.0194511413574219
751,"[{0: 1.999107931626633, 1: 4.0}]",0.5092582033588,0.0,0.7992053031921387
752,"[{0: 1.41444170443927, 1: 2.0}]",0.008352662463497548,0.0,0.39168286323547363
753,"[{0: 1.7311553353700349, 1: 3.0}]",0.28870675286011765,0.0,0.6880455017089844
754,"[{0: 1.7033591238364905, 1: 3.0}]",7.392069670128185,0.0,0.2782020568847656
755,"[{0: 1.4204178053168466, 1: 2.0}]",6.255728971107207,0.0,0.4192802906036377
756,"[{0: 1.414232927925582, 1: 2.0}]",6.015641814936153e-05,0.0,0.30877041816711426
757,"[{0: 1.7321809333211027, 1: 3.0}]",0.006107310508126982,0.0,0.8000819683074951
758,"[{0: 1.731397394470752, 1: 3.0}]",0.15378371639344138,0.0,0.9039289951324463
759,"[{0: 2.4495014626317815, 1: 6.0}]",0.00032424847639778116,0.0,1.0129547119140625
760,"[{0: 0.9978960953534618, 1: 1.0}]",0.176825028356093,0.0,0.28055620193481445
761,"[{0: 2.4501023210451085, 1: 6.0}]",0.5412189969099347,0.0,0.9099640846252441
762,"[{0: 2.0007473854818407, 1: 4.0}]",0.3507750618642996,0.0,0.6942057609558105
763,"[{0: 1.7359684731593699, 1: 3.0}]",5.572164140013261,0.0,0.29672980308532715
764,"[{0: 1.7310941427480884, 1: 3.0}]",0.3294779380542195,0.0,0.9104313850402832
765,"[{0: 1.7353432367011956, 1: 3.0}]",3.9312493236925428,0.0,0.2943992614746094
766,"[{0: 2.2374969545073706, 1: 5.0}]",2.04793611428408,0.0,0.7898910045623779
767,"[{0: 1.7308460154589793, 1: 3.0}]",0.5223293459866527,0.0,0.6864535808563232
768,"[{0: 1.415906348069215, 1: 2.0}]",0.46127985261732235,0.0,0.24834322929382324
769,"[{0: 1.0008973576617546, 1: 1.0}]",0.03245802172462748,0.0,0.38997554779052734
770,"[{0: 1.7316960086050224, 1: 3.0}]",0.04536530075888717,0.0,0.46605944633483887
771,"[{0: 1.9994416950177611, 1: 4.0}]",0.19957312940279512,0.0,0.8017191886901855
772,"[{0: 1.7337005249078268, 1: 3.0}]",0.9842011863147121,0.0,0.7953133583068848
773,"[{0: 2.2359680061459657, 1: 5.0}]",0.008168472102102286,0.0,0.9106619358062744
774,"[{0: 2.2381179707879824, 1: 5.0}]",4.218248582069688,0.0,0.9067389965057373
775,"[{0: 1.9987572460141327, 1: 4.0}]",0.9878334211441158,0.0,0.6896343231201172
776,"[{0: 2.4511006125354067, 1: 6.0}]",3.780961621932224,0.0,0.9032871723175049
777,"[{0: 1.7315356093945204, 1: 3.0}]",0.09562846677993436,0.0,0.6880025863647461
778,"[{0: 2.2374208244479643, 1: 5.0}]",1.8353502126528776,0.0,0.798776388168335
779,"[{0: 1.9998200502320103, 1: 4.0}]",0.02074473787180357,0.0,0.7932174205780029
780,"[{0: 1.4133602035924195, 1: 2.0}]",0.11659572227024656,0.0,0.7952537536621094
781,"[{0: 1.7356990358271749, 1: 3.0}]",4.82979345952159,0.0,0.41976475715637207
782,"[{0: 1.0036454701106283, 1: 1.0}]",0.5381960798617308,0.0,0.21918845176696777
783,"[{0: 2.450069829009852, 1: 6.0}]",0.4701108284891326,0.0,1.1299653053283691
784,"[{0: 2.449763336064112, 1: 6.0}]",0.0999530330907236,0.0,0.6896750926971436
785,"[{0: 1.0068286027064932, 1: 1.0}]",1.914332833607657,0.0,0.2811107635498047
786,"[{0: 2.2363148994949924, 1: 5.0}]",0.06105165029398981,0.0,0.9058127403259277
787,"[{0: 2.0017815814670947, 1: 4.0}]",2.0393561506047804,0.0,0.34375691413879395
788,"[{0: 0.9992583418234791, 1: 1.0}]",0.02206328860776686,0.0,0.3694424629211426
789,"[{0: 2.646127370316935, 1: 7.0}]",0.2775005297343898,0.0,1.2292454242706299
790,"[{0: 1.4208232160666452, 1: 2.0}]",7.10606578399474,0.0,0.26483821868896484
791,"[{0: 0.9986583581945663, 1: 1.0}]",0.07191875587898115,0.0,0.2511625289916992
792,"[{0: 1.7309358604168399, 1: 3.0}]",0.4474003380686329,0.0,0.911379337310791
793,"[{0: 2.45025294842217, 1: 6.0}]",0.8402587931419386,0.0,0.790363073348999
794,"[{0: 1.006120415243212, 1: 1.0}]",1.5526023764163372,0.0,0.26674675941467285
795,"[{0: 2.0001425495638134, 1: 4.0}]",0.01302408048842323,0.0,1.0110788345336914
796,"[{0: 1.7309112754315372, 1: 3.0}]",0.46732865962508463,0.0,0.7942461967468262
797,"[{0: 1.0075129567156704, 1: 1.0}]",2.3204580545678755,0.0,0.310762882232666
798,"[{0: 1.4131949278592988, 1: 2.0}]",0.1660748896500617,0.0,0.28290629386901855
799,"[{0: 2.2306546380484833, 1: 5.0}]",0.06014851453690839,0.0,0.6875286102294922
800,"[{0: 1.7350751915780276, 1: 3.0}]",3.3156633223513916,0.0,0.42664647102355957
801,"[{0: 1.9994167957487567, 1: 4.0}]",0.21776306062228548,0.0,0.43845582008361816
802,"[{0: 2.4494726691309348, 1: 6.0}]",0.0006935181425157278,0.0,0.7965106964111328
803,"[{0: 2.647060043318488, 1: 7.000000000000057}]",3.318453874381541,0.0,1.0120794773101807
804,"[{0: 1.418761204241136, 1: 2.0}]",3.349299486370925,0.0,0.3575007915496826
805,"[{0: 2.6466214571514532, 1: 7.0}]",1.4865473577830268,0.0,1.014031171798706
806,"[{0: 2.0001976625618325, 1: 4.0}]",0.025373602900624008,0.0,0.43776512145996094
807,"[{0: 1.735103300941865, 1: 3.0}]",3.3777469008761702,0.0,0.794048547744751
808,"[{0: 0.9983052576992331, 1: 1.0}]",0.11364998870002416,0.0,0.3439021110534668
809,"[{0: 0.9999322959647903, 1: 1.0}]",6.96002873434682e-05,0.0,0.32495927810668945
810,"[{0: 1.7313519352870754, 1: 3.0}]",0.1759122744870226,0.0,0.6899316310882568
811,"[{0: 2.0001345777372417, 1: 4.0}]",0.011607977440706999,0.0,0.7939331531524658
812,"[{0: 1.4203304422349143, 1: 2.0}]",6.079672321067777,0.0,0.29654526710510254
813,"[{0: 1.9998638892561538, 1: 4.0}]",0.013193778387919474,0.0,0.7945599555969238
814,"[{0: 1.4184446555394221, 1: 2.0}]",2.8973185733202755,0.0,0.35594701766967773
815,"[{0: 2.237167256626832, 1: 5.0}]",1.2114067752829105,0.0,0.9028592109680176
816,"[{0: 1.7338992312469383, 1: 3.0}]",1.2359959064492172,0.0,0.2840876579284668
817,"[{0: 1.999911314749713, 1: 4.0}]",0.005039269309026554,0.0,0.7946863174438477
818,"[{0: 2.4497736865719997, 1: 6.0}]",0.12857584014595444,0.0,0.6839525699615479
819,"[{0: 1.9998365123434214, 1: 4.0}]",0.017123243082159196,0.0,0.9119195938110352
820,"[{0: 1.4127681641505765, 1: 2.0}]",0.33407919703139594,0.0,0.5718283653259277
821,"[{0: 1.736590651488186, 1: 3.0}]",7.490572835869178,0.0,0.4043266773223877
822,"[{0: 1.998761310104785, 1: 4.0}]",0.9813890823509264,0.0,0.6865541934967041
823,"[{0: 1.412652831463383, 1: 2.0}]",0.389425416550766,0.0,0.4193387031555176
824,"[{0: 1.420653185803686, 1: 2.0}]",6.742748602138226,0.0,0.31369566917419434
825,"[{0: 1.0035007848357684, 1: 1.0}]",0.49784748498560527,0.0,0.34111928939819336
826,"[{0: 2.001373353340359, 1: 4.0}]",1.2111020505428018,0.0,0.35773253440856934
827,"[{0: 1.7321905112688116, 1: 3.0}]",0.007039576079632403,0.0,0.9093661308288574
828,"[{0: 2.000082163625657, 1: 4.0}]",0.0043264850969552725,0.0,0.6874516010284424
829,"[{0: 1.4145482028305076, 1: 2.0}]",0.01797500453908859,0.0,0.3119208812713623
830,"[{0: 1.7322839140697837, 1: 3.0}]",0.019602417586501844,0.0,0.8007972240447998
831,"[{0: 2.2359886614231077, 1: 5.0}]",0.00869013354547765,0.0,0.7951672077178955
832,"[{0: 2.450259339984668, 1: 6.0}]",0.8682261142072992,0.0,0.6897614002227783
833,"[{0: 1.7334037900661685, 1: 3.0}]",0.6616470206269953,0.0,0.5768873691558838
834,"[{0: 2.002833261300192, 1: 4.0}]",5.165814958366738,0.0,0.5760905742645264
835,"[{0: 1.4123478062637964, 1: 2.0}]",0.5561566655108364,0.0,0.6846623420715332
836,"[{0: 2.4495284861866926, 1: 6.0}]",0.003938714408097147,0.0,0.7931792736053467
837,"[{0: 1.008998649845459, 1: 1.0}]",3.357561046165972,0.0,0.26473212242126465
838,"[{0: 2.6468463038651775, 1: 7.0}]",2.354656558074011,0.0,0.795501708984375
839,"[{0: 1.730325411445698, 1: 3.0}]",1.0703021150319008,0.0,0.6850132942199707
840,"[{0: 2.0009905236727805, 1: 4.0}]",0.6296465389149172,0.0,0.7951364517211914
841,"[{0: 1.0141978120889696, 1: 1.0}]",8.45275755543621,0.0,0.3728945255279541
842,"[{0: 1.7316108068615226, 1: 3.0}]",0.06975925379507604,0.0,0.7968394756317139
843,"[{0: 1.735820738115848, 1: 3.0}]",5.158489307655623,0.0,0.682337760925293
844,"[{0: 1.412119048101817, 1: 2.0}]",0.7005568846830873,0.0,0.3446671962738037
845,"[{0: 2.23725958386174, 1: 5.0}]",1.4236177615520684,0.0,0.9096510410308838
846,"[{0: 2.647066085812821, 1: 7.000000000000023}]",2.5158725420976658,0.0,0.7983107566833496
847,"[{0: 2.221558429844484, 1: 5.0}]",1.0322333491094706,0.0,0.7958009243011475
848,"[{0: 2.2360880060915576, 1: 5.0}]",0.00040155641999198516,0.0,1.018601894378662
849,"[{0: 0.9984137701729223, 1: 1.0}]",0.10219307176109967,0.0,0.2835698127746582
850,"[{0: 1.9808253079479485, 1: 4.0}]",5.129693533158393,0.0,0.5739078521728516
851,"[{0: 1.0068023470789043, 1: 1.0}]",1.8982446156192707,0.0,0.45357203483581543
852,"[{0: 1.7301908061965108, 1: 3.0}]",1.243523649949895,0.0,0.7975127696990967
853,"[{0: 2.6461891274775144, 1: 7.0}]",0.37615403983923457,0.0,1.0125315189361572
854,"[{0: 2.236272165979837, 1: 5.0000000000000036}]",0.0365520878558905,0.0,0.6846308708190918
855,"[{0: 0.9999869712388074, 1: 1.0}]",6.823628582696695e-06,0.0,0.41997241973876953
856,"[{0: 1.4140710812745774, 1: 2.0}]",0.0032552760383885004,0.0,0.7929577827453613
857,"[{0: 1.7304306621211782, 1: 2.9999999999999973}]",0.9472673800847441,0.0,0.4525115489959717
858,"[{0: 1.7338203513129058, 1: 3.0}]",1.1326021310593808,0.0,0.6908934116363525
859,"[{0: 2.4499381028643774, 1: 6.0}]",0.28987880613157535,0.0,0.7986855506896973
860,"[{0: 2.4495509224272576, 1: 6.0}]",0.005394741873914437,0.0,0.6831145286560059
861,"[{0: 2.23759721969094, 1: 5.0}]",2.3457234702327865,0.0,0.7998182773590088
862,"[{0: 1.73571966820953, 1: 3.0}]",4.884751332337211,0.0,0.37019801139831543
863,"[{0: 1.4180589603655596, 1: 2.0}]",2.3912212468649825,0.0,0.37551259994506836
864,"[{0: 0.9977588068094742, 1: 1.0}]",0.2005726050092461,0.0,0.36010289192199707
865,"[{0: 1.7346222389491222, 1: 3.0}]",2.3950056783494285,0.0,0.5800831317901611
866,"[{0: 1.7327782015426099, 1: 3.0}]",0.19323059977884757,0.0,0.7931382656097412
867,"[{0: 2.236593428765555, 1: 5.0}]",0.27656988423853873,0.0,0.7964608669281006
868,"[{0: 2.23692545048226, 1: 5.000000000000006}]",0.7392984835046867,0.0,0.9114902019500732
869,"[{0: 1.004452685312694, 1: 1.0}]",0.8076841131410145,0.0,0.24942588806152344
870,"[{0: 1.7360905030945966, 1: 3.0}]",5.925915066915423,0.0,0.6892242431640625
871,"[{0: 1.413269192469046, 1: 2.0}]",0.14276436538928525,0.0,0.3113229274749756
872,"[{0: 1.4186116141575855, 1: 2.0}]",3.1315901829149264,0.0,0.2988884449005127
873,"[{0: 1.9981465390017983, 1: 4.0}]",2.1952426190851146,0.0,0.9082121849060059
874,"[{0: 1.0155506550810856, 1: 1.0}]",10.180951912176877,0.0,0.29488229751586914
875,"[{0: 1.4130545429879455, 1: 2.0}]",0.21494106547889724,0.0,0.6893470287322998
876,"[{0: 1.412878318462765, 1: 2.0}]",0.28516551746873275,0.0,0.29561352729797363
877,"[{0: 1.9997902673445467, 1: 4.0}]",0.0281785144213562,0.0,0.8004567623138428
878,"[{0: 1.999992840409406, 1: 4.0}]",3.2846887107668916e-05,0.0,0.7958886623382568
879,"[{0: 1.4140713631808783, 1: 2.0}]",0.003242409247032806,0.0,0.2663733959197998
880,"[{0: 2.0010484729409614, 1: 4.0}]",0.7055361432443553,0.0,0.4709486961364746
881,"[{0: 2.23610352939727, 1: 5.0}]",0.0012652616628638887,0.0,1.2343530654907227
882,"[{0: 1.9982874140432447, 1: 3.9999999999999853}]",1.8562582146577629,0.0,0.9017250537872314
883,"[{0: 1.4151214050076812, 1: 2.0}]",0.13245253523030265,0.0,0.295501708984375
884,"[{0: 2.646533248951466, 1: 7.0}]",1.200315774415642,0.0,0.7942755222320557
885,"[{0: 2.6461887864408578, 1: 7.0}]",0.37556811337608875,0.0,0.9032838344573975
886,"[{0: 2.646289142984664, 1: 7.0}]",0.5677067033016081,0.0,0.7944402694702148
887,"[{0: 2.237122576328072, 1: 5.0}]",1.1148658099229956,0.0,0.9045569896697998
888,"[{0: 1.7320705098389992, 1: 3.0}]",0.00013998228081325267,0.0,0.4226384162902832
889,"[{0: 1.4129261288375237, 1: 2.0}]",0.26513645163462707,0.0,0.5762560367584229
890,"[{0: 1.9994877794949628, 1: 4.0}]",0.16799756363418458,0.0,0.9039242267608643
891,"[{0: 2.0022771894493827, 1: 4.0}]",3.3342821652255616,0.0,0.6868104934692383
892,"[{0: 2.2382484218409187, 1: 5.0}]",4.773019409599635,0.0,0.7952332496643066
893,"[{0: 1.9998013281015792, 1: 4.0}]",0.22621430340353949,0.0,0.38968706130981445
894,"[{0: 1.9981732832767418, 1: 4.0}]",2.13243327882564,0.0,0.9029140472412109
895,"[{0: 1.9988256578624395, 1: 4.0}]",0.8821597257280899,0.0,0.6862454414367676
896,"[{0: 1.4151455826798098, 1: 2.0}]",0.13960857815411357,0.0,0.2612345218658447
897,"[{0: 2.4497934761457985, 1: 6.0}]",0.1330058392262046,0.0,0.7977197170257568
898,"[{0: 1.7304985148275254, 1: 3.0}]",0.8665750295981649,0.0,0.45468664169311523
899,"[{0: 2.6291941010990336, 1: 7.0}]",3.084909317758596,0.0,60.592851877212524
900,"[{0: 1.999950478383305, 1: 4.0}]",0.0015713750391392661,0.0,0.6855638027191162
901,"[{0: 1.7360606654962718, 1: 3.0}]",5.838398699369634,0.0,0.6899476051330566
902,"[{0: 2.64644792114879, 1: 7.0}]",0.9525516316553954,0.0,0.9037082195281982
903,"[{0: 1.4194403222242118, 1: 2.0}]",4.430669890987267,0.0,0.3424861431121826
904,"[{0: 2.4498871386326044, 1: 6.0}]",0.22771002476769495,0.0,1.0116658210754395
905,"[{0: 2.0012561650239538, 1: 4.0}]",1.0130556915280506,0.0,0.683856725692749
906,"[{0: 2.0013120845730197, 1: 4.0}]",1.10535040279036,0.0,0.5757133960723877
907,"[{0: 1.7341813819037077, 1: 3.0}]",1.642930417649324,0.0,0.43645477294921875
908,"[{0: 2.236546190774089, 1: 5.0}]",0.2290634371025095,0.0,0.6814365386962891
909,"[{0: 1.7365484534776623, 1: 3.0}]",7.351434150677338,0.0,0.37373805046081543
910,"[{0: 1.011866395385651, 1: 1.0}]",5.871816759679782,0.0,0.3297286033630371
911,"[{0: 1.7041098256119471, 1: 3.0}]",4.0848740799869,0.0,0.34363675117492676
912,"[{0: 1.0145570661975785, 1: 1.0}]",8.895376231683496,0.0,0.12297582626342773
913,"[{0: 1.999203718717134, 1: 4.0}]",0.40582344501748346,0.0,0.9069781303405762
914,"[{0: 1.9985442514701948, 1: 4.0}]",1.3550252575299961,0.0,0.6860027313232422
915,"[{0: 1.733213576589413, 1: 3.0}]",0.4885241881775963,0.0,0.8016579151153564
916,"[{0: 2.4495786913723787, 1: 6.0}]",0.011403802075916103,0.0,0.9033715724945068
917,"[{0: 1.7355091396614641, 1: 3.0}]",4.338658825879487,0.0,0.7949821949005127
918,"[{0: 2.236107003799253, 1: 5.0}]",0.0015246548808820013,0.0,0.6862308979034424
919,"[{0: 2.449767732529527, 1: 6.0}]",0.11141138723095449,0.0,0.796912670135498
920,"[{0: 2.6457245672238097, 1: 7.0}]",0.001402815499200154,0.0,1.1227474212646484
921,"[{0: 1.4123109750136407, 1: 2.0}]",0.5782860330906152,0.0,0.7948689460754395
922,"[{0: 2.4499154185803045, 1: 6.0}]",0.26128136992480144,0.0,0.6904993057250977
923,"[{0: 1.6915966125910147, 1: 3.0}]",5.455969727035601,0.0,0.387906551361084
924,"[{0: 1.9989129754006865, 1: 4.0}]",0.7559508224132534,0.0,0.7953372001647949
925,"[{0: 1.0092128642246778, 1: 1.0}]",3.5069824202154414,0.0,0.3905165195465088
926,"[{0: 2.2367054415378274, 1: 5.0}]",0.40711452247031743,0.0,0.7982354164123535
927,"[{0: 1.7310927579478421, 1: 3.0}]",0.33043169559773095,0.0,0.7996034622192383
928,"[{0: 1.730821220321328, 1: 3.0}]",0.54402675182795,0.0,0.5758671760559082
929,"[{0: 1.3574656595020014, 1: 2.0}]",10.6173502605524,0.0,0.1563129425048828
930,"[{0: 2.000093472587908, 1: 4.0}]",0.0055995338833806415,0.0,0.7965579032897949
931,"[{0: 1.4141978025423128, 1: 2.0}]",2.0447381800705173e-05,0.0,0.2797093391418457
932,"[{0: 1.7311403349927184, 1: 3.0}]",0.29844074627594974,0.0,0.4207327365875244
933,"[{0: 1.4185729690461233, 1: 2.0}]",3.076547057341154,0.0,0.3463773727416992
934,"[{0: 1.7340535452219321, 1: 3.0}]",1.451369373655554,0.0,0.46939897537231445
935,"[{0: 2.001339739471126, 1: 4.0}]",1.152484256551465,0.0,0.7975287437438965
936,"[{0: 1.4128095086880659, 1: 2.0}]",0.31526799601995736,0.0,0.7942705154418945
937,"[{0: 1.4208008103004983, 1: 2.0}]",7.057636789261265,0.0,0.28098082542419434
938,"[{0: 1.4158139734467885, 1: 2.0}]",0.41222918950310605,0.0,0.4204857349395752
939,"[{0: 1.732086458316403, 1: 3.0}]",0.0004583424054720074,0.0,0.7960186004638672
940,"[{0: 2.4494064380182077, 1: 6.0}]",0.01000045252105156,0.0,0.9109904766082764
941,"[{0: 2.0000752321510595, 1: 4.0}]",0.003627257856666926,0.0,1.233389139175415
942,"[{0: 1.0143876080840535, 1: 1.0}]",8.685130556943673,0.0,0.42087364196777344
943,"[{0: 1.736170883431534, 1: 3.0}]",6.164940065315983,0.0,0.6915905475616455
944,"[{0: 1.0035184898167337, 1: 1.0}]",0.5070027203464509,0.0,0.28206610679626465
945,"[{0: 1.0143700439632468, 1: 1.0}]",8.69357194915067,0.0,0.14000868797302246
946,"[{0: 2.2374553231965484, 1: 5.0}]",1.930238947750163,0.0,0.9123964309692383
947,"[{0: 2.2380505203950434, 1: 5.0}]",3.9448748584290803,0.0,0.7943525314331055
948,"[{0: 1.414385071573018, 1: 2.0}]",0.004719945081195864,0.0,0.28089451789855957
949,"[{0: 1.4176762353110979, 1: 2.0}]",1.9373534438861284,0.0,0.265183687210083
950,"[{0: 1.0029628963144266, 1: 1.0}]",0.35604243685617737,0.0,0.2636377811431885
951,"[{0: 2.450610446416004, 1: 6.0}]",1.8125978933654683,0.0,1.122025489807129
952,"[{0: 1.9981513694261324, 1: 4.0}]",2.183831019256059,0.0,1.011631965637207
953,"[{0: 1.3957853758379242, 1: 2.0}]",1.993183306420621,0.0,0.2666921615600586
954,"[{0: 1.415316017035385, 1: 2.0}]",0.19540671844737748,0.0,0.391068696975708
955,"[{0: 1.9997386940329704, 1: 4.0}]",0.04373720881289933,0.0,0.7997124195098877
956,"[{0: 2.6460609455804494, 1: 7.0}]",0.18811234714602806,0.0,0.9061501026153564
957,"[{0: 1.9842862183441812, 1: 4.0}]",3.8887345828113133,0.0,0.7949929237365723
958,"[{0: 1.0095136626443568, 1: 1.0}]",3.732636456003694,0.0,0.3538544178009033
959,"[{0: 1.0141791463608385, 1: 1.0}]",8.442157584096906,0.0,0.29714345932006836
960,"[{0: 1.7317617797141032, 1: 3.0}]",0.03010841786218402,0.0,0.6849205493927002
961,"[{0: 1.7334220263939986, 1: 3.0}]",0.7144535919910519,0.0,0.6842827796936035
962,"[{0: 1.0064151771830596, 1: 1.0}]",1.6872026610935222,0.0,0.2821228504180908
963,"[{0: 1.730074935603651, 1: 3.0}]",1.4030009814497635,0.0,1.0208070278167725
964,"[{0: 1.0084855046407688, 1: 1.0}]",2.9686700287521637,0.0,0.24941372871398926
965,"[{0: 2.450086457085711, 1: 6.0}]",0.48485831655046124,0.0,0.8003904819488525
966,"[{0: 1.73393725852963, 1: 3.0}]",1.287459496498342,0.0,0.4389195442199707
967,"[{0: 1.0119507598961117, 1: 1.0}]",5.949217214105219,0.0,0.3893873691558838
968,"[{0: 2.2366165173089634, 1: 5.0}]",0.30141839367745155,0.0,0.6833298206329346
969,"[{0: 1.41259680153163, 1: 2.0}]",0.4178382678404815,0.0,0.6838278770446777
970,"[{0: 1.9987075906724352, 1: 4.0}]",1.0682704511851315,0.0,0.9047801494598389
971,"[{0: 2.001105075532471, 1: 4.0}]",0.7838366349212317,0.0,0.7973053455352783
972,"[{0: 1.414676436048859, 1: 2.0}]",0.03439972714284854,0.0,0.4524838924407959
973,"[{0: 1.7305288882685743, 1: 3.0}]",0.833038369993237,0.0,0.685081958770752
974,"[{0: 1.4162148028786166, 1: 2.0}]",0.6451229417688001,0.0,0.34456777572631836
975,"[{0: 2.6458023724634865, 1: 7.0}]",0.005114188533112802,0.0,0.7919988632202148
976,"[{0: 1.7321887830498133, 1: 3.0}]",0.006866465232932798,0.0,0.7936403751373291
977,"[{0: 2.0017227884352664, 1: 4.0}]",1.906809730335117,0.0,0.7945396900177002
978,"[{0: 1.0101689315226046, 1: 1.0}]",4.28476048898707,0.0,0.29712414741516113
979,"[{0: 1.7322181424240188, 1: 3.0}]",0.00982875348906018,0.0,1.0133678913116455
980,"[{0: 2.4503801820364837, 1: 6.0}]",1.1439476149157437,0.0,0.6873581409454346
981,"[{0: 2.4500218164683476, 1: 6.0}]",0.41605317843443745,0.0,0.6872210502624512
982,"[{0: 1.4182748181682432, 1: 2.0}]",2.668430730998313,0.0,0.26546549797058105
983,"[{0: 1.417443160009129, 1: 2.0}]",1.68449140891516,0.0,0.4365544319152832
984,"[{0: 1.9981817423925035, 1: 4.0}]",2.1127561739851246,0.0,0.7923688888549805
985,"[{0: 2.646208207288286, 1: 7.0}]",0.4096624713998085,0.0,0.9063048362731934
986,"[{0: 1.0049393269088527, 1: 1.0}]",1.003359623124469,0.0,0.34293055534362793
987,"[{0: 2.002828509523359, 1: 4.0}]",5.148465272797544,0.0,0.6880249977111816
988,"[{0: 1.7354350557007874, 1: 3.0}]",4.154233789686686,0.0,0.4525296688079834
989,"[{0: 2.6458976419374745, 1: 7.0}]",0.0420058850514475,0.0,0.9044189453125
990,"[{0: 1.00252148724174, 1: 1.0}]",0.25751972842790594,0.0,0.37497520446777344
991,"[{0: 1.4139657566600035, 1: 2.0}]",0.009844622280704046,0.0,0.29845666885375977
992,"[{0: 1.9998271178919047, 1: 4.0}]",0.019147411426717387,0.0,0.686159610748291
993,"[{0: 1.0069246432149324, 1: 1.0}]",1.9678288343615598,0.0,0.28049135208129883
994,"[{0: 1.7319712866768815, 1: 3.0}]",0.0022799664474447627,0.0,0.9144070148468018
995,"[{0: 2.000698408482539, 1: 4.0}]",0.31289314054650574,0.0,0.42352819442749023
996,"[{0: 1.413582887683591, 1: 2.0}]",0.06371401890821544,0.0,0.3463442325592041
997,"[{0: 1.7364909866103555, 1: 3.0}]",7.164063498766724,0.0,0.6886789798736572
998,"[{0: 1.7307175696391661, 1: 3.0}]",0.6394976413658362,0.0,0.7972230911254883
999,"[{0: 1.4211785196300923, 1: 2.0}]",7.896492312074854,0.0,0.29543471336364746
